search_event_id,search_role,stream,source_name,source_provider,search_type,query_family_id,protocol_categories,counterexample_focus,exact_query,filters,executed_at,timezone,result_count,result_count_status,captured_result_count,pagination_completeness_boundary,export_capture_method,source_url_or_endpoint,request_url,raw_payload_paths,raw_payload_sha256s,network_status,retrieval_error,peer_checker_id,assistance_mode,notes
P2E1B_OPENALEX_01,PILOT_SEARCH,SCHOLARLY_DISCOVERY,OpenAlex,OurResearch,MULTIDISCIPLINARY_SCHOLARLY_API,QF01_TARGET_INTEGRATION,CAT_01,NOT_APPLICABLE,"""drug target"" (""evidence integration"" OR ""target prioritization"" OR ""heterogeneous evidence"" OR ""data integration"" OR multi-omics)","{""publication_date_from"":""2010-01-01"",""publication_date_to"":""2026-09-03"",""sort"":""relevance_score:desc""}",2026-09-03T03:50:33Z,UTC,39241,SOURCE_EXPOSED_TOTAL,30,FIRST_30_OF_39241_SORT_RELEVANCE;PAGE_1;PER_PAGE_30,OPENALEX_WORKS_API_JSON,https://api.openalex.org/works,https://api.openalex.org/works?search=%22drug+target%22+%28%22evidence+integration%22+OR+%22target+prioritization%22+OR+%22heterogeneous+evidence%22+OR+%22data+integration%22+OR+multi-omics%29&filter=from_publication_date%3A2010-01-01%2Cto_publication_date%3A2026-09-03&per-page=30&page=1&sort=relevance_score%3Adesc,outputs/phase_two/p2_e1_pilot_v0.1/search/raw_retrieval/p2e1b_openalex_01_works.json,038a0a0a013b85f86fc41ee37dec3ebac6fd4236e43625f7991e9b8b04f208eb,SUCCESS,,PENDING,AI_ASSISTED_DISCOVERY,Pilot only; not a production-search denominator.
P2E1B_OPENALEX_02,PILOT_SEARCH,SCHOLARLY_DISCOVERY,OpenAlex,OurResearch,MULTIDISCIPLINARY_SCHOLARLY_API,QF02_OPEN_TARGETS,CAT_02|CAT_01,NOT_APPLICABLE,"""Open Targets Platform"" OR ""Open Targets Genetics""","{""publication_date_from"":""2010-01-01"",""publication_date_to"":""2026-09-03"",""sort"":""relevance_score:desc""}",2026-09-03T03:50:39Z,UTC,2204,SOURCE_EXPOSED_TOTAL,30,FIRST_30_OF_2204_SORT_RELEVANCE;PAGE_1;PER_PAGE_30,OPENALEX_WORKS_API_JSON,https://api.openalex.org/works,https://api.openalex.org/works?search=%22Open+Targets+Platform%22+OR+%22Open+Targets+Genetics%22&filter=from_publication_date%3A2010-01-01%2Cto_publication_date%3A2026-09-03&per-page=30&page=1&sort=relevance_score%3Adesc,outputs/phase_two/p2_e1_pilot_v0.1/search/raw_retrieval/p2e1b_openalex_02_works.json,96f7a6b8098afb20bbb412b255cba9fd02cc485e970cf8f21f1cc07f3151b3f1,SUCCESS,,PENDING,AI_ASSISTED_DISCOVERY,Pilot only; not a production-search denominator.
P2E1B_OPENALEX_03,PILOT_SEARCH,SCHOLARLY_DISCOVERY,OpenAlex,OurResearch,MULTIDISCIPLINARY_SCHOLARLY_API,QF03_KNOWLEDGE_GRAPHS,CAT_03|CAT_01,NOT_APPLICABLE,"(""knowledge graph"" OR ""evidence graph"") (biomedical OR ""drug target"" OR ""target discovery"" OR ""target prioritization"")","{""publication_date_from"":""2010-01-01"",""publication_date_to"":""2026-09-03"",""sort"":""relevance_score:desc""}",2026-09-03T03:50:45Z,UTC,21847,SOURCE_EXPOSED_TOTAL,30,FIRST_30_OF_21847_SORT_RELEVANCE;PAGE_1;PER_PAGE_30,OPENALEX_WORKS_API_JSON,https://api.openalex.org/works,https://api.openalex.org/works?search=%28%22knowledge+graph%22+OR+%22evidence+graph%22%29+%28biomedical+OR+%22drug+target%22+OR+%22target+discovery%22+OR+%22target+prioritization%22%29&filter=from_publication_date%3A2010-01-01%2Cto_publication_date%3A2026-09-03&per-page=30&page=1&sort=relevance_score%3Adesc,outputs/phase_two/p2_e1_pilot_v0.1/search/raw_retrieval/p2e1b_openalex_03_works.json,612c31bd1f82097c6bcfe04c64b0bc58d5b757a67f1bb6a7324307c34c53d2fd,SUCCESS,,PENDING,AI_ASSISTED_DISCOVERY,Pilot only; not a production-search denominator.
P2E1B_OPENALEX_04,PILOT_SEARCH,SCHOLARLY_DISCOVERY,OpenAlex,OurResearch,MULTIDISCIPLINARY_SCHOLARLY_API,QF04_PROVENANCE,CAT_04,NOT_APPLICABLE,"(provenance OR lineage OR attribution OR traceability OR ""source tracking"" OR derivation) (biomedical OR bioinformatics) (integration OR evidence OR database)","{""publication_date_from"":""2010-01-01"",""publication_date_to"":""2026-09-03"",""sort"":""relevance_score:desc""}",2026-09-03T03:50:49Z,UTC,1617172,SOURCE_EXPOSED_TOTAL,30,FIRST_30_OF_1617172_SORT_RELEVANCE;PAGE_1;PER_PAGE_30,OPENALEX_WORKS_API_JSON,https://api.openalex.org/works,https://api.openalex.org/works?search=%28provenance+OR+lineage+OR+attribution+OR+traceability+OR+%22source+tracking%22+OR+derivation%29+%28biomedical+OR+bioinformatics%29+%28integration+OR+evidence+OR+database%29&filter=from_publication_date%3A2010-01-01%2Cto_publication_date%3A2026-09-03&per-page=30&page=1&sort=relevance_score%3Adesc,outputs/phase_two/p2_e1_pilot_v0.1/search/raw_retrieval/p2e1b_openalex_04_works.json,91690d8f0980a6a0780ccb3763d9969c65fe51e090fb1f6f80680ba2ec46c043,SUCCESS,,PENDING,AI_ASSISTED_DISCOVERY,Pilot only; not a production-search denominator.
P2E1B_OPENALEX_05,PILOT_SEARCH,SCHOLARLY_DISCOVERY,OpenAlex,OurResearch,MULTIDISCIPLINARY_SCHOLARLY_API,QF05_EVIDENCE_SYNTHESIS,CAT_05,NOT_APPLICABLE,"(""evidence synthesis"" OR ""evidence assessment"" OR ""systematic review"" OR ""living review"") (software OR platform OR tool OR system) (provenance OR ""missing data"" OR uncertainty OR conflict OR dependence OR ""evidence grading"")","{""publication_date_from"":""2010-01-01"",""publication_date_to"":""2026-09-03"",""sort"":""relevance_score:desc""}",2026-09-03T03:50:55Z,UTC,2793110,SOURCE_EXPOSED_TOTAL,30,FIRST_30_OF_2793110_SORT_RELEVANCE;PAGE_1;PER_PAGE_30,OPENALEX_WORKS_API_JSON,https://api.openalex.org/works,https://api.openalex.org/works?search=%28%22evidence+synthesis%22+OR+%22evidence+assessment%22+OR+%22systematic+review%22+OR+%22living+review%22%29+%28software+OR+platform+OR+tool+OR+system%29+%28provenance+OR+%22missing+data%22+OR+uncertainty+OR+conflict+OR+dependence+OR+%22evidence+grading%22%29&filter=from_publication_date%3A2010-01-01%2Cto_publication_date%3A2026-09-03&per-page=30&page=1&sort=relevance_score%3Adesc,outputs/phase_two/p2_e1_pilot_v0.1/search/raw_retrieval/p2e1b_openalex_05_works.json,71477c41ce58c467e68c46f7cea24fb622b2110dda5c9f2f1234739c457f1282,SUCCESS,,PENDING,AI_ASSISTED_DISCOVERY,Pilot only; not a production-search denominator.
P2E1B_OPENALEX_06,PILOT_SEARCH,SCHOLARLY_DISCOVERY,OpenAlex,OurResearch,MULTIDISCIPLINARY_SCHOLARLY_API,QF06_MISSING_UNCERTAIN_DEPENDENT,CAT_06|CAT_05,NOT_APPLICABLE,"(""missing data"" OR ""data absence"" OR coverage OR ""not observed"" OR ""unavailable evidence"" OR ""incomplete evidence"" OR uncertainty OR conflict OR ""non-independent evidence"" OR ""correlated evidence"" OR ""evidence reuse"" OR ""duplicate evidence"" OR ""shared dataset"" OR ""overlapping cohort"") (""evidence synthesis"" OR ""evidence integration"" OR meta-analysis OR ""knowledge graph"")","{""publication_date_from"":""2010-01-01"",""publication_date_to"":""2026-09-03"",""sort"":""relevance_score:desc""}",2026-09-03T03:51:04Z,UTC,4418611,SOURCE_EXPOSED_TOTAL,30,FIRST_30_OF_4418611_SORT_RELEVANCE;PAGE_1;PER_PAGE_30,OPENALEX_WORKS_API_JSON,https://api.openalex.org/works,https://api.openalex.org/works?search=%28%22missing+data%22+OR+%22data+absence%22+OR+coverage+OR+%22not+observed%22+OR+%22unavailable+evidence%22+OR+%22incomplete+evidence%22+OR+uncertainty+OR+conflict+OR+%22non-independent+evidence%22+OR+%22correlated+evidence%22+OR+%22evidence+reuse%22+OR+%22duplicate+evidence%22+OR+%22shared+dataset%22+OR+%22overlapping+cohort%22%29+%28%22evidence+synthesis%22+OR+%22evidence+integration%22+OR+meta-analysis+OR+%22knowledge+graph%22%29&filter=from_publication_date%3A2010-01-01%2Cto_publication_date%3A2026-09-03&per-page=30&page=1&sort=relevance_score%3Adesc,outputs/phase_two/p2_e1_pilot_v0.1/search/raw_retrieval/p2e1b_openalex_06_works.json,3aaa776b295a6b1633a65510cb7599eae9228d7d49b128bf5530d853f3469886,SUCCESS,,PENDING,AI_ASSISTED_DISCOVERY,Pilot only; not a production-search denominator.
P2E1B_OPENALEX_07,PILOT_SEARCH,SCHOLARLY_DISCOVERY,OpenAlex,OurResearch,MULTIDISCIPLINARY_SCHOLARLY_API,QF07_AI_TARGET_DISCOVERY,CAT_07|CAT_01,NOT_APPLICABLE,"(""drug target discovery"" OR ""therapeutic target discovery"" OR ""target prioritization"" OR ""target identification"") (""artificial intelligence"" OR ""machine learning"" OR ""large language model"" OR ""natural language processing"" OR ""graph neural network"") (evidence OR provenance OR citation OR ""knowledge graph"" OR interpretation)","{""publication_date_from"":""2010-01-01"",""publication_date_to"":""2026-09-03"",""sort"":""relevance_score:desc""}",2026-09-03T03:51:14Z,UTC,12798,SOURCE_EXPOSED_TOTAL,30,FIRST_30_OF_12798_SORT_RELEVANCE;PAGE_1;PER_PAGE_30,OPENALEX_WORKS_API_JSON,https://api.openalex.org/works,https://api.openalex.org/works?search=%28%22drug+target+discovery%22+OR+%22therapeutic+target+discovery%22+OR+%22target+prioritization%22+OR+%22target+identification%22%29+%28%22artificial+intelligence%22+OR+%22machine+learning%22+OR+%22large+language+model%22+OR+%22natural+language+processing%22+OR+%22graph+neural+network%22%29+%28evidence+OR+provenance+OR+citation+OR+%22knowledge+graph%22+OR+interpretation%29&filter=from_publication_date%3A2010-01-01%2Cto_publication_date%3A2026-09-03&per-page=30&page=1&sort=relevance_score%3Adesc,outputs/phase_two/p2_e1_pilot_v0.1/search/raw_retrieval/p2e1b_openalex_07_works.json,5ca63194ed27680e387576414971e09c2910e18c940ca3d93bf1fcb808cb17f9,SUCCESS,,PENDING,AI_ASSISTED_DISCOVERY,Pilot only; not a production-search denominator.
P2E1B_OPENALEX_08,PILOT_SEARCH,SCHOLARLY_DISCOVERY,OpenAlex,OurResearch,MULTIDISCIPLINARY_SCHOLARLY_API,QF08_COUNTER_DEPENDENCY,CAT_06|CAT_05|CAT_01,COUNTEREXAMPLE_DEPENDENCY,"(""non-independent evidence"" OR ""dependent evidence"" OR ""correlated evidence"" OR ""evidence reuse"" OR ""duplicate evidence"" OR ""shared dataset"" OR ""overlapping cohort"") (""evidence synthesis"" OR ""evidence integration"" OR meta-analysis OR framework)","{""publication_date_from"":""2010-01-01"",""publication_date_to"":""2026-09-03"",""sort"":""relevance_score:desc""}",2026-09-03T03:51:20Z,UTC,11293,SOURCE_EXPOSED_TOTAL,30,FIRST_30_OF_11293_SORT_RELEVANCE;PAGE_1;PER_PAGE_30,OPENALEX_WORKS_API_JSON,https://api.openalex.org/works,https://api.openalex.org/works?search=%28%22non-independent+evidence%22+OR+%22dependent+evidence%22+OR+%22correlated+evidence%22+OR+%22evidence+reuse%22+OR+%22duplicate+evidence%22+OR+%22shared+dataset%22+OR+%22overlapping+cohort%22%29+%28%22evidence+synthesis%22+OR+%22evidence+integration%22+OR+meta-analysis+OR+framework%29&filter=from_publication_date%3A2010-01-01%2Cto_publication_date%3A2026-09-03&per-page=30&page=1&sort=relevance_score%3Adesc,outputs/phase_two/p2_e1_pilot_v0.1/search/raw_retrieval/p2e1b_openalex_08_works.json,5eb9f24ff0757a42b28cf9c730ac73589c793147b36fb7f96f19deb37a0512ca,SUCCESS,,PENDING,AI_ASSISTED_DISCOVERY,Pilot only; not a production-search denominator.
P2E1B_OPENALEX_09,PILOT_SEARCH,SCHOLARLY_DISCOVERY,OpenAlex,OurResearch,MULTIDISCIPLINARY_SCHOLARLY_API,QF09_COUNTER_MISSINGNESS,CAT_06|CAT_05,COUNTEREXAMPLE_MISSINGNESS,"(""structured missingness"" OR ""missingness mechanism"" OR ""missing data"" OR ""data absence"" OR ""not observed"" OR ""unavailable evidence"" OR ""incomplete evidence"") (ontology OR ""data model"" OR framework OR ""evidence synthesis"" OR ""knowledge graph"") (biomedical OR clinical OR health)","{""publication_date_from"":""2010-01-01"",""publication_date_to"":""2026-09-03"",""sort"":""relevance_score:desc""}",2026-09-03T03:51:26Z,UTC,3202332,SOURCE_EXPOSED_TOTAL,30,FIRST_30_OF_3202332_SORT_RELEVANCE;PAGE_1;PER_PAGE_30,OPENALEX_WORKS_API_JSON,https://api.openalex.org/works,https://api.openalex.org/works?search=%28%22structured+missingness%22+OR+%22missingness+mechanism%22+OR+%22missing+data%22+OR+%22data+absence%22+OR+%22not+observed%22+OR+%22unavailable+evidence%22+OR+%22incomplete+evidence%22%29+%28ontology+OR+%22data+model%22+OR+framework+OR+%22evidence+synthesis%22+OR+%22knowledge+graph%22%29+%28biomedical+OR+clinical+OR+health%29&filter=from_publication_date%3A2010-01-01%2Cto_publication_date%3A2026-09-03&per-page=30&page=1&sort=relevance_score%3Adesc,outputs/phase_two/p2_e1_pilot_v0.1/search/raw_retrieval/p2e1b_openalex_09_works.json,8321b27e4a6c0d3ec365c9860d745cf5621636ce5a5374fd372eced8759bfe8d,SUCCESS,,PENDING,AI_ASSISTED_DISCOVERY,Pilot only; not a production-search denominator.
P2E1B_OPENALEX_10,PILOT_SEARCH,SCHOLARLY_DISCOVERY,OpenAlex,OurResearch,MULTIDISCIPLINARY_SCHOLARLY_API,QF10_COUNTER_PROVENANCE_AGGREGATION,CAT_04|CAT_03|CAT_01,COUNTEREXAMPLE_PROVENANCE_THROUGH_AGGREGATION,"(provenance OR lineage OR derivation OR traceability OR ""source attribution"") (aggregation OR summarization OR ""evidence integration"" OR ""data integration"") (biomedical OR ""knowledge graph"" OR ""drug target"")","{""publication_date_from"":""2010-01-01"",""publication_date_to"":""2026-09-03"",""sort"":""relevance_score:desc""}",2026-09-03T03:51:34Z,UTC,559389,SOURCE_EXPOSED_TOTAL,30,FIRST_30_OF_559389_SORT_RELEVANCE;PAGE_1;PER_PAGE_30,OPENALEX_WORKS_API_JSON,https://api.openalex.org/works,https://api.openalex.org/works?search=%28provenance+OR+lineage+OR+derivation+OR+traceability+OR+%22source+attribution%22%29+%28aggregation+OR+summarization+OR+%22evidence+integration%22+OR+%22data+integration%22%29+%28biomedical+OR+%22knowledge+graph%22+OR+%22drug+target%22%29&filter=from_publication_date%3A2010-01-01%2Cto_publication_date%3A2026-09-03&per-page=30&page=1&sort=relevance_score%3Adesc,outputs/phase_two/p2_e1_pilot_v0.1/search/raw_retrieval/p2e1b_openalex_10_works.json,38dd8d5f587d1781082d758110a6844fd28bc1291d41a115152a21f5121ef3ff,SUCCESS,,PENDING,AI_ASSISTED_DISCOVERY,Pilot only; not a production-search denominator.
P2E1B_OPENALEX_11,PILOT_SEARCH,SCHOLARLY_DISCOVERY,OpenAlex,OurResearch,MULTIDISCIPLINARY_SCHOLARLY_API,QF11_COUNTER_CLAIM_EVIDENCE,CAT_04|CAT_05|CAT_06|CAT_07,COUNTEREXAMPLE_CLAIM_EVIDENCE_BOUNDARY,"(""claim evidence"" OR ""claim-evidence"" OR ""evidence graph"" OR nanopublication OR argumentation) (biomedical OR scientific OR clinical) (causality OR interpretation OR provenance OR assertion OR knowledge)","{""publication_date_from"":""2010-01-01"",""publication_date_to"":""2026-09-03"",""sort"":""relevance_score:desc""}",2026-09-03T03:51:40Z,UTC,1195085,SOURCE_EXPOSED_TOTAL,30,FIRST_30_OF_1195085_SORT_RELEVANCE;PAGE_1;PER_PAGE_30,OPENALEX_WORKS_API_JSON,https://api.openalex.org/works,https://api.openalex.org/works?search=%28%22claim+evidence%22+OR+%22claim-evidence%22+OR+%22evidence+graph%22+OR+nanopublication+OR+argumentation%29+%28biomedical+OR+scientific+OR+clinical%29+%28causality+OR+interpretation+OR+provenance+OR+assertion+OR+knowledge%29&filter=from_publication_date%3A2010-01-01%2Cto_publication_date%3A2026-09-03&per-page=30&page=1&sort=relevance_score%3Adesc,outputs/phase_two/p2_e1_pilot_v0.1/search/raw_retrieval/p2e1b_openalex_11_works.json,1b22fa2d15e48921b20a436a7d266d6428fd5b64e92656e0362531194d2e5bdd,SUCCESS,,PENDING,AI_ASSISTED_DISCOVERY,Pilot only; not a production-search denominator.
P2E1B_OPENALEX_12,PILOT_SEARCH,SCHOLARLY_DISCOVERY,OpenAlex,OurResearch,MULTIDISCIPLINARY_SCHOLARLY_API,QF12_CLAIM_BOUNDARY_VARIANTS,CAT_01|CAT_05|CAT_06,COUNTEREXAMPLE_CLAIM_EVIDENCE_BOUNDARY,"(""evidence interpretation"" OR ""evidence grading"" OR ""strength of evidence"" OR ""causal inference boundary"" OR ""association versus causality"" OR ""clinical translation"") (""drug target"" OR ""target evidence"" OR biomedical OR ""evidence synthesis"" OR ""knowledge graph"")","{""publication_date_from"":""2010-01-01"",""publication_date_to"":""2026-09-03"",""sort"":""relevance_score:desc""}",2026-09-03T04:14:26Z,UTC,70520,SOURCE_EXPOSED_TOTAL,30,FIRST_30_OF_70520_SORT_RELEVANCE;PAGE_1;PER_PAGE_30,OPENALEX_WORKS_API_JSON,https://api.openalex.org/works,https://api.openalex.org/works?search=%28%22evidence+interpretation%22+OR+%22evidence+grading%22+OR+%22strength+of+evidence%22+OR+%22causal+inference+boundary%22+OR+%22association+versus+causality%22+OR+%22clinical+translation%22%29+%28%22drug+target%22+OR+%22target+evidence%22+OR+biomedical+OR+%22evidence+synthesis%22+OR+%22knowledge+graph%22%29&filter=from_publication_date%3A2010-01-01%2Cto_publication_date%3A2026-09-03&per-page=30&page=1&sort=relevance_score%3Adesc,outputs/phase_two/p2_e1_pilot_v0.1/search/raw_retrieval/p2e1b_openalex_12_works.json,9521a7c94f4fa3f5e8ab35bdb03e01d0966ef4e7117b057704a205c68ead0f2e,SUCCESS,,PENDING,AI_ASSISTED_DISCOVERY,Pilot only; not a production-search denominator.
P2E1B_OPENALEX_13,PILOT_SEARCH,SCHOLARLY_DISCOVERY,OpenAlex,OurResearch,MULTIDISCIPLINARY_SCHOLARLY_API,QF13_COUNTER_CONFLICT_PRESERVATION,CAT_05|CAT_06|CAT_03,COUNTEREXAMPLE_CONFLICT_PRESERVATION,"(""conflicting evidence"" OR ""conflict preservation"" OR ""contradictory evidence"" OR ""evidence conflict"") (""evidence synthesis"" OR ""evidence integration"" OR ""systematic review"" OR ""knowledge graph"") (representation OR model OR preservation OR reconciliation)","{""publication_date_from"":""2010-01-01"",""publication_date_to"":""2026-09-03"",""sort"":""relevance_score:desc""}",2026-09-03T04:16:32Z,UTC,24889,SOURCE_EXPOSED_TOTAL,30,FIRST_30_OF_24889_SORT_RELEVANCE;PAGE_1;PER_PAGE_30,OPENALEX_WORKS_API_JSON,https://api.openalex.org/works,https://api.openalex.org/works?search=%28%22conflicting+evidence%22+OR+%22conflict+preservation%22+OR+%22contradictory+evidence%22+OR+%22evidence+conflict%22%29+%28%22evidence+synthesis%22+OR+%22evidence+integration%22+OR+%22systematic+review%22+OR+%22knowledge+graph%22%29+%28representation+OR+model+OR+preservation+OR+reconciliation%29&filter=from_publication_date%3A2010-01-01%2Cto_publication_date%3A2026-09-03&per-page=30&page=1&sort=relevance_score%3Adesc,outputs/phase_two/p2_e1_pilot_v0.1/search/raw_retrieval/p2e1b_openalex_13_works.json,cfc2b6e06645316b597a91dca9f427d287563c658fefa850adf2397f977afc9e,SUCCESS,,PENDING,AI_ASSISTED_DISCOVERY,Pilot only; not a production-search denominator.
P2E1B_OPENALEX_14,PILOT_SEARCH,SCHOLARLY_DISCOVERY,OpenAlex,OurResearch,MULTIDISCIPLINARY_SCHOLARLY_API,QF14_COUNTER_AI_GROUNDING,CAT_07|CAT_01,COUNTEREXAMPLE_AI_OUTPUT_SOURCE_GROUNDING,"((""artificial intelligence"" OR ""large language model"" OR ""AI-assisted"") (""target discovery"" OR ""target prioritization"" OR ""drug discovery"")) (grounding OR citation OR ""source attribution"" OR ""evidence link"" OR provenance OR traceability)","{""publication_date_from"":""2010-01-01"",""publication_date_to"":""2026-09-03"",""sort"":""relevance_score:desc""}",2026-09-03T04:17:02Z,UTC,16110,SOURCE_EXPOSED_TOTAL,30,FIRST_30_OF_16110_SORT_RELEVANCE;PAGE_1;PER_PAGE_30,OPENALEX_WORKS_API_JSON,https://api.openalex.org/works,https://api.openalex.org/works?search=%28%28%22artificial+intelligence%22+OR+%22large+language+model%22+OR+%22AI-assisted%22%29+%28%22target+discovery%22+OR+%22target+prioritization%22+OR+%22drug+discovery%22%29%29+%28grounding+OR+citation+OR+%22source+attribution%22+OR+%22evidence+link%22+OR+provenance+OR+traceability%29&filter=from_publication_date%3A2010-01-01%2Cto_publication_date%3A2026-09-03&per-page=30&page=1&sort=relevance_score%3Adesc,outputs/phase_two/p2_e1_pilot_v0.1/search/raw_retrieval/p2e1b_openalex_14_works.json,e3cb50d8f468622e6b933b47d6e03a5503ecccdb6bd07ed7b604b674c56a0b5e,SUCCESS,,PENDING,AI_ASSISTED_DISCOVERY,Pilot only; not a production-search denominator.
P2E1B_OTDOC_01,PILOT_SEARCH,FIRST_PARTY_ORIENTATION,Open Targets Platform Documentation,Open Targets via GitHub,TARGETED_FIRST_PARTY_DOCUMENT_CAPTURE,OT_FIRST_PARTY_ORIENTATION,CAT_02|CAT_01,NOT_APPLICABLE,OFFICIAL_REPOSITORY_PATH::README.md@a919391c50ca40dc65b30b4a5a14cb275b54f8ad,"{""orientation_role"":""documentation_landing"",""repository_commit"":""a919391c50ca40dc65b30b4a5a14cb275b54f8ad""}",2026-09-03T03:51:44Z,UTC,1,ORIENTATION_MATERIAL_COUNT,1,ONE_EXACT_GIT_BLOB_AT_IMMUTABLE_COMMIT,GITHUB_GIT_BLOB_API_JSON_AT_IMMUTABLE_COMMIT,https://api.github.com/repos/opentargets/platform-docs/git/blobs/4d3bf5c2f5d821a5f6e32dab7e041f11f2b49fd4,https://api.github.com/repos/opentargets/platform-docs/git/blobs/4d3bf5c2f5d821a5f6e32dab7e041f11f2b49fd4,outputs/phase_two/p2_e1_pilot_v0.1/search/raw_retrieval/open_targets_docs/README.md.github_blob.json,a2528f306f98805c6406cf78011e9e6c80e950af34f0dcf72995d13c77064186,SUCCESS_AFTER_GITHUB_BLOB_RETRY,,PENDING,AI_ASSISTED_DISCOVERY,Pilot only; not a production-search denominator.
P2E1B_OTDOC_02,PILOT_SEARCH,FIRST_PARTY_ORIENTATION,Open Targets Platform Documentation,Open Targets via GitHub,TARGETED_FIRST_PARTY_DOCUMENT_CAPTURE,OT_FIRST_PARTY_ORIENTATION,CAT_02|CAT_01,NOT_APPLICABLE,OFFICIAL_REPOSITORY_PATH::getting-started.md@a919391c50ca40dc65b30b4a5a14cb275b54f8ad,"{""orientation_role"":""data_model_orientation"",""repository_commit"":""a919391c50ca40dc65b30b4a5a14cb275b54f8ad""}",2026-09-03T03:53:10Z,UTC,1,ORIENTATION_MATERIAL_COUNT,1,ONE_EXACT_GIT_BLOB_AT_IMMUTABLE_COMMIT,GITHUB_GIT_BLOB_API_JSON_AT_IMMUTABLE_COMMIT,https://api.github.com/repos/opentargets/platform-docs/git/blobs/37b619e509d7b09f9a7a01441727e9c8c44997d9,https://api.github.com/repos/opentargets/platform-docs/git/blobs/37b619e509d7b09f9a7a01441727e9c8c44997d9,outputs/phase_two/p2_e1_pilot_v0.1/search/raw_retrieval/open_targets_docs/getting-started.md.github_blob.json,030ba68b462860ff56ce0ca3f7a0cdca2f6f07718a30562f0c108dcb061587c9,SUCCESS_AFTER_GITHUB_BLOB_RETRY,,PENDING,AI_ASSISTED_DISCOVERY,Pilot only; not a production-search denominator.
P2E1B_OTDOC_03,PILOT_SEARCH,FIRST_PARTY_ORIENTATION,Open Targets Platform Documentation,Open Targets via GitHub,TARGETED_FIRST_PARTY_DOCUMENT_CAPTURE,OT_FIRST_PARTY_ORIENTATION,CAT_02|CAT_01,NOT_APPLICABLE,OFFICIAL_REPOSITORY_PATH::data-access/README.md@a919391c50ca40dc65b30b4a5a14cb275b54f8ad,"{""orientation_role"":""data_access_overview"",""repository_commit"":""a919391c50ca40dc65b30b4a5a14cb275b54f8ad""}",2026-09-03T03:54:59Z,UTC,1,ORIENTATION_MATERIAL_COUNT,1,ONE_EXACT_GIT_BLOB_AT_IMMUTABLE_COMMIT,GITHUB_GIT_BLOB_API_JSON_AT_IMMUTABLE_COMMIT,https://api.github.com/repos/opentargets/platform-docs/git/blobs/8b3b9e46d8549e554a084664d62e412f124c4b55,https://api.github.com/repos/opentargets/platform-docs/git/blobs/8b3b9e46d8549e554a084664d62e412f124c4b55,outputs/phase_two/p2_e1_pilot_v0.1/search/raw_retrieval/open_targets_docs/data-access__README.md.github_blob.json,7f9584169c3046c3834e27a065fc31535a6f378536e40fcc74f48b385b09c37f,SUCCESS_AFTER_GITHUB_BLOB_RETRY,,PENDING,AI_ASSISTED_DISCOVERY,Pilot only; not a production-search denominator.
P2E1B_OTDOC_04,PILOT_SEARCH,FIRST_PARTY_ORIENTATION,Open Targets Platform Documentation,Open Targets via GitHub,TARGETED_FIRST_PARTY_DOCUMENT_CAPTURE,OT_FIRST_PARTY_ORIENTATION,CAT_02|CAT_01,NOT_APPLICABLE,OFFICIAL_REPOSITORY_PATH::data-access/graphql-api.md@a919391c50ca40dc65b30b4a5a14cb275b54f8ad,"{""orientation_role"":""api_documentation"",""repository_commit"":""a919391c50ca40dc65b30b4a5a14cb275b54f8ad""}",2026-09-03T03:56:29Z,UTC,1,ORIENTATION_MATERIAL_COUNT,1,ONE_EXACT_GIT_BLOB_AT_IMMUTABLE_COMMIT,GITHUB_GIT_BLOB_API_JSON_AT_IMMUTABLE_COMMIT,https://api.github.com/repos/opentargets/platform-docs/git/blobs/8dde604723326730572d1b3f5491c14c9ef1d42c,https://api.github.com/repos/opentargets/platform-docs/git/blobs/8dde604723326730572d1b3f5491c14c9ef1d42c,outputs/phase_two/p2_e1_pilot_v0.1/search/raw_retrieval/open_targets_docs/data-access__graphql-api.md.github_blob.json,5cc0776d71d6b461c73f2feb843a9f434ee89d3047bc953b0a663f540851b8a8,SUCCESS_AFTER_GITHUB_BLOB_RETRY,,PENDING,AI_ASSISTED_DISCOVERY,Pilot only; not a production-search denominator.
P2E1B_OTDOC_05,PILOT_SEARCH,FIRST_PARTY_ORIENTATION,Open Targets Platform Documentation,Open Targets via GitHub,TARGETED_FIRST_PARTY_DOCUMENT_CAPTURE,OT_FIRST_PARTY_ORIENTATION,CAT_02|CAT_01,NOT_APPLICABLE,OFFICIAL_REPOSITORY_PATH::data-access/datasets.md@a919391c50ca40dc65b30b4a5a14cb275b54f8ad,"{""orientation_role"":""export_and_dataset_documentation"",""repository_commit"":""a919391c50ca40dc65b30b4a5a14cb275b54f8ad""}",2026-09-03T03:58:11Z,UTC,1,ORIENTATION_MATERIAL_COUNT,1,ONE_EXACT_GIT_BLOB_AT_IMMUTABLE_COMMIT,GITHUB_GIT_BLOB_API_JSON_AT_IMMUTABLE_COMMIT,https://api.github.com/repos/opentargets/platform-docs/git/blobs/20493f1244644b8516d1606c46996996c6f44770,https://api.github.com/repos/opentargets/platform-docs/git/blobs/20493f1244644b8516d1606c46996996c6f44770,outputs/phase_two/p2_e1_pilot_v0.1/search/raw_retrieval/open_targets_docs/data-access__datasets.md.github_blob.json,6d8ef951bcab417db64974ddc5bd3755e33b959db4b619b53554b51110f8f193,SUCCESS_AFTER_GITHUB_BLOB_RETRY,,PENDING,AI_ASSISTED_DISCOVERY,Pilot only; not a production-search denominator.
P2E1B_OTDOC_06,PILOT_SEARCH,FIRST_PARTY_ORIENTATION,Open Targets Platform Documentation,Open Targets via GitHub,TARGETED_FIRST_PARTY_DOCUMENT_CAPTURE,OT_FIRST_PARTY_ORIENTATION,CAT_02|CAT_01,NOT_APPLICABLE,OFFICIAL_REPOSITORY_PATH::evidence.md@a919391c50ca40dc65b30b4a5a14cb275b54f8ad,"{""orientation_role"":""evidence_documentation"",""repository_commit"":""a919391c50ca40dc65b30b4a5a14cb275b54f8ad""}",2026-09-03T03:59:42Z,UTC,1,ORIENTATION_MATERIAL_COUNT,1,ONE_EXACT_GIT_BLOB_AT_IMMUTABLE_COMMIT,GITHUB_GIT_BLOB_API_JSON_AT_IMMUTABLE_COMMIT,https://api.github.com/repos/opentargets/platform-docs/git/blobs/bb92fce7959731fb34b9b960d57efbc0ab500ccb,https://api.github.com/repos/opentargets/platform-docs/git/blobs/bb92fce7959731fb34b9b960d57efbc0ab500ccb,outputs/phase_two/p2_e1_pilot_v0.1/search/raw_retrieval/open_targets_docs/evidence.md.github_blob.json,d94b7b5095a7727b44a8d2a5ee5c02e165cf547d5ea2aa6d9c6bd640bff7656c,SUCCESS_AFTER_GITHUB_BLOB_RETRY,,PENDING,AI_ASSISTED_DISCOVERY,Pilot only; not a production-search denominator.
P2E1B_OTDOC_07,PILOT_SEARCH,FIRST_PARTY_ORIENTATION,Open Targets Platform Documentation,Open Targets via GitHub,TARGETED_FIRST_PARTY_DOCUMENT_CAPTURE,OT_FIRST_PARTY_ORIENTATION,CAT_02|CAT_01,NOT_APPLICABLE,OFFICIAL_REPOSITORY_PATH::associations.md@a919391c50ca40dc65b30b4a5a14cb275b54f8ad,"{""orientation_role"":""association_aggregation_scoring_documentation"",""repository_commit"":""a919391c50ca40dc65b30b4a5a14cb275b54f8ad""}",2026-09-03T04:01:28Z,UTC,1,ORIENTATION_MATERIAL_COUNT,1,ONE_EXACT_FILE_AT_IMMUTABLE_COMMIT,RAW_GITHUB_IMMUTABLE_COMMIT_FILE,https://raw.githubusercontent.com/opentargets/platform-docs/a919391c50ca40dc65b30b4a5a14cb275b54f8ad/associations.md,https://raw.githubusercontent.com/opentargets/platform-docs/a919391c50ca40dc65b30b4a5a14cb275b54f8ad/associations.md,outputs/phase_two/p2_e1_pilot_v0.1/search/raw_retrieval/open_targets_docs/associations.md,ddbc478b18256ef4aab46538af0bfc05f386313945cb7bd21ace5b50f1071798,SUCCESS,,PENDING,AI_ASSISTED_DISCOVERY,Pilot only; not a production-search denominator.
P2E1B_OTDOC_08,PILOT_SEARCH,FIRST_PARTY_ORIENTATION,Open Targets Platform Documentation,Open Targets via GitHub,TARGETED_FIRST_PARTY_DOCUMENT_CAPTURE,OT_FIRST_PARTY_ORIENTATION,CAT_02|CAT_01,NOT_APPLICABLE,OFFICIAL_REPOSITORY_PATH::release-notes.md@a919391c50ca40dc65b30b4a5a14cb275b54f8ad,"{""orientation_role"":""release_version_information"",""repository_commit"":""a919391c50ca40dc65b30b4a5a14cb275b54f8ad""}",2026-09-03T04:01:51Z,UTC,1,ORIENTATION_MATERIAL_COUNT,1,ONE_EXACT_GIT_BLOB_AT_IMMUTABLE_COMMIT,GITHUB_GIT_BLOB_API_JSON_AT_IMMUTABLE_COMMIT,https://api.github.com/repos/opentargets/platform-docs/git/blobs/7a423117782a800351203db62923805795bbe73a,https://api.github.com/repos/opentargets/platform-docs/git/blobs/7a423117782a800351203db62923805795bbe73a,outputs/phase_two/p2_e1_pilot_v0.1/search/raw_retrieval/open_targets_docs/release-notes.md.github_blob.json,585df247c9b95e70446004605bb08a6aa86dc36b8154606f774bfc336d6f5b2e,SUCCESS_AFTER_GITHUB_BLOB_RETRY,,PENDING,AI_ASSISTED_DISCOVERY,Pilot only; not a production-search denominator.
P2E1B_OTDOC_09,PILOT_SEARCH,FIRST_PARTY_ORIENTATION,Open Targets Platform Documentation,Open Targets via GitHub,TARGETED_FIRST_PARTY_DOCUMENT_CAPTURE,OT_FIRST_PARTY_ORIENTATION,CAT_02|CAT_01,NOT_APPLICABLE,OFFICIAL_REPOSITORY_PATH::citation.md@a919391c50ca40dc65b30b4a5a14cb275b54f8ad,"{""orientation_role"":""primary_platform_publications"",""repository_commit"":""a919391c50ca40dc65b30b4a5a14cb275b54f8ad""}",2026-09-03T04:03:42Z,UTC,1,ORIENTATION_MATERIAL_COUNT,1,ONE_EXACT_FILE_AT_IMMUTABLE_COMMIT,RAW_GITHUB_IMMUTABLE_COMMIT_FILE,https://raw.githubusercontent.com/opentargets/platform-docs/a919391c50ca40dc65b30b4a5a14cb275b54f8ad/citation.md,https://raw.githubusercontent.com/opentargets/platform-docs/a919391c50ca40dc65b30b4a5a14cb275b54f8ad/citation.md,outputs/phase_two/p2_e1_pilot_v0.1/search/raw_retrieval/open_targets_docs/citation.md,76fd83cbf64873fa6a113507af4df78cb87b8ab43f9c985fadac03ee8a2fd225,SUCCESS,,PENDING,AI_ASSISTED_DISCOVERY,Pilot only; not a production-search denominator.
P2E1B_OTDOC_10,PILOT_SEARCH,FIRST_PARTY_ORIENTATION,Open Targets Platform Documentation,Open Targets via GitHub,TARGETED_FIRST_PARTY_DOCUMENT_CAPTURE,OT_FIRST_PARTY_ORIENTATION,CAT_02|CAT_01,NOT_APPLICABLE,OFFICIAL_REPOSITORY_PATH::web-interface/evidence-pages.md@a919391c50ca40dc65b30b4a5a14cb275b54f8ad,"{""orientation_role"":""evidence_user_interface_surface"",""repository_commit"":""a919391c50ca40dc65b30b4a5a14cb275b54f8ad""}",2026-09-03T04:04:05Z,UTC,1,ORIENTATION_MATERIAL_COUNT,1,ONE_EXACT_GIT_BLOB_AT_IMMUTABLE_COMMIT,GITHUB_GIT_BLOB_API_JSON_AT_IMMUTABLE_COMMIT,https://api.github.com/repos/opentargets/platform-docs/git/blobs/bd8dfd7bc80d365c537feffd2426d4a2c9425d32,https://api.github.com/repos/opentargets/platform-docs/git/blobs/bd8dfd7bc80d365c537feffd2426d4a2c9425d32,outputs/phase_two/p2_e1_pilot_v0.1/search/raw_retrieval/open_targets_docs/web-interface__evidence-pages.md.github_blob.json,b6601fc0a7a023ff9fc7272bede488ce80f499be3e80c3cd3d4edc38bb8f816b,SUCCESS_AFTER_GITHUB_BLOB_RETRY,,PENDING,AI_ASSISTED_DISCOVERY,Pilot only; not a production-search denominator.
P2E1B_OTDOC_11,PILOT_SEARCH,FIRST_PARTY_ORIENTATION,Open Targets Platform Documentation,Open Targets via GitHub,TARGETED_FIRST_PARTY_DOCUMENT_CAPTURE,OT_FIRST_PARTY_ORIENTATION,CAT_02|CAT_01,NOT_APPLICABLE,OFFICIAL_REPOSITORY_PATH::web-interface/associations-on-the-fly.md@a919391c50ca40dc65b30b4a5a14cb275b54f8ad,"{""orientation_role"":""target_synthesis_user_interface_surface"",""repository_commit"":""a919391c50ca40dc65b30b4a5a14cb275b54f8ad""}",2026-09-03T04:05:53Z,UTC,1,ORIENTATION_MATERIAL_COUNT,1,ONE_EXACT_GIT_BLOB_AT_IMMUTABLE_COMMIT,GITHUB_GIT_BLOB_API_JSON_AT_IMMUTABLE_COMMIT,https://api.github.com/repos/opentargets/platform-docs/git/blobs/2582e3ee3aa3da7c09fd4a36c193cf49a247b6cd,https://api.github.com/repos/opentargets/platform-docs/git/blobs/2582e3ee3aa3da7c09fd4a36c193cf49a247b6cd,outputs/phase_two/p2_e1_pilot_v0.1/search/raw_retrieval/open_targets_docs/web-interface__associations-on-the-fly.md.github_blob.json,b84f5532feb461480f4a5787cbd6721da9e419a76d7a226cb095615577234d92,SUCCESS_AFTER_GITHUB_BLOB_RETRY,,PENDING,AI_ASSISTED_DISCOVERY,Pilot only; not a production-search denominator.
P2E1B_OT_ORIENTATION_REPOSITORY,PILOT_SEARCH,FIRST_PARTY_ORIENTATION,Open Targets Platform Documentation,Open Targets via GitHub,TARGETED_FIRST_PARTY_REPOSITORY_ORIENTATION,OT_FIRST_PARTY_ORIENTATION,CAT_02|CAT_01,NOT_APPLICABLE,Resolve the current official opentargets/platform-docs main commit and documentation tree,"{""ref"":""main"",""repository"":""opentargets/platform-docs""}",2026-09-03T03:51:43Z,UTC,2,ORIENTATION_MATERIAL_COUNT,2,OFFICIAL_REPOSITORY_COMMIT_AND_FULL_RECURSIVE_TREE,GITHUB_REPOSITORY_API_JSON_AND_RAW_IMMUTABLE_COMMIT_FILES,https://api.github.com/repos/opentargets/platform-docs/commits/main,https://api.github.com/repos/opentargets/platform-docs/commits/main,outputs/phase_two/p2_e1_pilot_v0.1/search/raw_retrieval/open_targets_platform_docs_commit_main.json|outputs/phase_two/p2_e1_pilot_v0.1/search/raw_retrieval/open_targets_platform_docs_tree_a919391c50ca.json,94d6acd76a532faf20f43902addeec31e36de4e39fef311d6a0037c50717efdd|4f63d4ea51ffc54bda06a27b1756754894851869e1e9a96135cbe767b8139f35,SUCCESS,,PENDING,AI_ASSISTED_DISCOVERY,Pilot only; not a production-search denominator.
P2E1B_PUBMED_01,PILOT_SEARCH,SCHOLARLY_DISCOVERY,PubMed,NCBI,BIOMEDICAL_BIBLIOGRAPHIC_API,QF01_TARGET_INTEGRATION,CAT_01,NOT_APPLICABLE,"(((""drug target""[Title/Abstract] OR ""therapeutic target""[Title/Abstract] OR ""target prioritization""[Title/Abstract] OR ""target prioritisation""[Title/Abstract]) AND (""evidence integration""[Title/Abstract] OR ""heterogeneous evidence""[Title/Abstract] OR ""data integration""[Title/Abstract] OR ""multi-omics""[Title/Abstract] OR ""evidence framework""[Title/Abstract]))) AND (""2010-01-01""[Date - Publication] : ""2026-09-03""[Date - Publication])","{""publication_date_from"":""2010-01-01"",""publication_date_to"":""2026-09-03"",""sort"":""relevance""}",2026-09-03T03:50:30Z,UTC,1621,SOURCE_EXPOSED_TOTAL,30,FIRST_30_OF_1621_SORT_RELEVANCE;RETSTART_0;RETMAX_30,NCBI_ESEARCH_JSON_PLUS_ESUMMARY_JSON,https://eutils.ncbi.nlm.nih.gov/entrez/eutils/,https://eutils.ncbi.nlm.nih.gov/entrez/eutils/esearch.fcgi?db=pubmed&term=%28%28%28%22drug+target%22%5BTitle%2FAbstract%5D+OR+%22therapeutic+target%22%5BTitle%2FAbstract%5D+OR+%22target+prioritization%22%5BTitle%2FAbstract%5D+OR+%22target+prioritisation%22%5BTitle%2FAbstract%5D%29+AND+%28%22evidence+integration%22%5BTitle%2FAbstract%5D+OR+%22heterogeneous+evidence%22%5BTitle%2FAbstract%5D+OR+%22data+integration%22%5BTitle%2FAbstract%5D+OR+%22multi-omics%22%5BTitle%2FAbstract%5D+OR+%22evidence+framework%22%5BTitle%2FAbstract%5D%29%29%29+AND+%28%222010-01-01%22%5BDate+-+Publication%5D+%3A+%222026-09-03%22%5BDate+-+Publication%5D%29&retmode=json&retmax=30&sort=relevance,outputs/phase_two/p2_e1_pilot_v0.1/search/raw_retrieval/p2e1b_pubmed_01_esearch_retry.json|outputs/phase_two/p2_e1_pilot_v0.1/search/raw_retrieval/p2e1b_pubmed_01_esummary_retry.json,e22e1433dac044c63d428e8851542fb865c43223f653223325a13486ae35ba41|eb2726df790f6bc51020e2559f5d458b48908fc954e1dd4f551d670546b0eb76,SUCCESS_AFTER_EXACT_QUERY_RETRY,,PENDING,AI_ASSISTED_DISCOVERY,Pilot only; not a production-search denominator.
P2E1B_PUBMED_02,PILOT_SEARCH,SCHOLARLY_DISCOVERY,PubMed,NCBI,BIOMEDICAL_BIBLIOGRAPHIC_API,QF02_OPEN_TARGETS,CAT_02|CAT_01,NOT_APPLICABLE,"((""Open Targets Platform""[Title/Abstract] OR ""Open Targets Genetics""[Title/Abstract] OR ""Open Targets""[Corporate Author])) AND (""2010-01-01""[Date - Publication] : ""2026-09-03""[Date - Publication])","{""publication_date_from"":""2010-01-01"",""publication_date_to"":""2026-09-03"",""sort"":""relevance""}",2026-09-03T03:50:37Z,UTC,68,SOURCE_EXPOSED_TOTAL,30,FIRST_30_OF_68_SORT_RELEVANCE;RETSTART_0;RETMAX_30,NCBI_ESEARCH_JSON_PLUS_ESUMMARY_JSON,https://eutils.ncbi.nlm.nih.gov/entrez/eutils/,https://eutils.ncbi.nlm.nih.gov/entrez/eutils/esearch.fcgi?db=pubmed&term=%28%28%22Open+Targets+Platform%22%5BTitle%2FAbstract%5D+OR+%22Open+Targets+Genetics%22%5BTitle%2FAbstract%5D+OR+%22Open+Targets%22%5BCorporate+Author%5D%29%29+AND+%28%222010-01-01%22%5BDate+-+Publication%5D+%3A+%222026-09-03%22%5BDate+-+Publication%5D%29&retmode=json&retmax=30&sort=relevance,outputs/phase_two/p2_e1_pilot_v0.1/search/raw_retrieval/p2e1b_pubmed_02_esearch.json|outputs/phase_two/p2_e1_pilot_v0.1/search/raw_retrieval/p2e1b_pubmed_02_esummary.json,91a77485460448ed96947030e338b3052a4258093477971186965cb9bb5ffed0|5191b1b3268bf2af3575eac443afc80be331bbb340f12305027bf8613a09252e,SUCCESS,,PENDING,AI_ASSISTED_DISCOVERY,Pilot only; not a production-search denominator.
P2E1B_PUBMED_03,PILOT_SEARCH,SCHOLARLY_DISCOVERY,PubMed,NCBI,BIOMEDICAL_BIBLIOGRAPHIC_API,QF03_KNOWLEDGE_GRAPHS,CAT_03|CAT_01,NOT_APPLICABLE,"(((""knowledge graph""[Title/Abstract] OR ""evidence graph""[Title/Abstract] OR ""semantic graph""[Title/Abstract]) AND (biomedical[Title/Abstract] OR ""drug target""[Title/Abstract] OR ""target discovery""[Title/Abstract] OR ""target prioritization""[Title/Abstract]))) AND (""2010-01-01""[Date - Publication] : ""2026-09-03""[Date - Publication])","{""publication_date_from"":""2010-01-01"",""publication_date_to"":""2026-09-03"",""sort"":""relevance""}",2026-09-03T03:50:42Z,UTC,516,SOURCE_EXPOSED_TOTAL,30,FIRST_30_OF_516_SORT_RELEVANCE;RETSTART_0;RETMAX_30,NCBI_ESEARCH_JSON_PLUS_ESUMMARY_JSON,https://eutils.ncbi.nlm.nih.gov/entrez/eutils/,https://eutils.ncbi.nlm.nih.gov/entrez/eutils/esearch.fcgi?db=pubmed&term=%28%28%28%22knowledge+graph%22%5BTitle%2FAbstract%5D+OR+%22evidence+graph%22%5BTitle%2FAbstract%5D+OR+%22semantic+graph%22%5BTitle%2FAbstract%5D%29+AND+%28biomedical%5BTitle%2FAbstract%5D+OR+%22drug+target%22%5BTitle%2FAbstract%5D+OR+%22target+discovery%22%5BTitle%2FAbstract%5D+OR+%22target+prioritization%22%5BTitle%2FAbstract%5D%29%29%29+AND+%28%222010-01-01%22%5BDate+-+Publication%5D+%3A+%222026-09-03%22%5BDate+-+Publication%5D%29&retmode=json&retmax=30&sort=relevance,outputs/phase_two/p2_e1_pilot_v0.1/search/raw_retrieval/p2e1b_pubmed_03_esearch.json|outputs/phase_two/p2_e1_pilot_v0.1/search/raw_retrieval/p2e1b_pubmed_03_esummary.json,86f1c2fd9ee9f9f88a295593bcd35763e416ed4a5ff51005bbe4c6849a2a32dd|89a56df300be7ca8e728388527416b2ed3953a253cbc59b0ab9e0de1b63694b6,SUCCESS,,PENDING,AI_ASSISTED_DISCOVERY,Pilot only; not a production-search denominator.
P2E1B_PUBMED_04,PILOT_SEARCH,SCHOLARLY_DISCOVERY,PubMed,NCBI,BIOMEDICAL_BIBLIOGRAPHIC_API,QF04_PROVENANCE,CAT_04,NOT_APPLICABLE,"(((provenance[Title/Abstract] OR lineage[Title/Abstract] OR attribution[Title/Abstract] OR traceability[Title/Abstract] OR ""source tracking""[Title/Abstract] OR derivation[Title/Abstract]) AND (biomedical[Title/Abstract] OR bioinformatics[Title/Abstract]) AND (integration[Title/Abstract] OR evidence[Title/Abstract] OR database[Title/Abstract]))) AND (""2010-01-01""[Date - Publication] : ""2026-09-03""[Date - Publication])","{""publication_date_from"":""2010-01-01"",""publication_date_to"":""2026-09-03"",""sort"":""relevance""}",2026-09-03T03:50:47Z,UTC,483,SOURCE_EXPOSED_TOTAL,30,FIRST_30_OF_483_SORT_RELEVANCE;RETSTART_0;RETMAX_30,NCBI_ESEARCH_JSON_PLUS_ESUMMARY_JSON,https://eutils.ncbi.nlm.nih.gov/entrez/eutils/,https://eutils.ncbi.nlm.nih.gov/entrez/eutils/esearch.fcgi?db=pubmed&term=%28%28%28provenance%5BTitle%2FAbstract%5D+OR+lineage%5BTitle%2FAbstract%5D+OR+attribution%5BTitle%2FAbstract%5D+OR+traceability%5BTitle%2FAbstract%5D+OR+%22source+tracking%22%5BTitle%2FAbstract%5D+OR+derivation%5BTitle%2FAbstract%5D%29+AND+%28biomedical%5BTitle%2FAbstract%5D+OR+bioinformatics%5BTitle%2FAbstract%5D%29+AND+%28integration%5BTitle%2FAbstract%5D+OR+evidence%5BTitle%2FAbstract%5D+OR+database%5BTitle%2FAbstract%5D%29%29%29+AND+%28%222010-01-01%22%5BDate+-+Publication%5D+%3A+%222026-09-03%22%5BDate+-+Publication%5D%29&retmode=json&retmax=30&sort=relevance,outputs/phase_two/p2_e1_pilot_v0.1/search/raw_retrieval/p2e1b_pubmed_04_esearch.json|outputs/phase_two/p2_e1_pilot_v0.1/search/raw_retrieval/p2e1b_pubmed_04_esummary.json,0d1020f609896c7d1eb0b2e71e95031f4752c4b2fe1b506a536bb68d835e563a|8524761b795fd5f0e8aa36c65117001e4d6471aff011575743cb987f21a7c6f9,SUCCESS,,PENDING,AI_ASSISTED_DISCOVERY,Pilot only; not a production-search denominator.
P2E1B_PUBMED_05,PILOT_SEARCH,SCHOLARLY_DISCOVERY,PubMed,NCBI,BIOMEDICAL_BIBLIOGRAPHIC_API,QF05_EVIDENCE_SYNTHESIS,CAT_05,NOT_APPLICABLE,"(((""evidence synthesis""[Title/Abstract] OR ""evidence assessment""[Title/Abstract] OR ""systematic review""[Title/Abstract] OR ""living review""[Title/Abstract]) AND (software[Title/Abstract] OR platform[Title/Abstract] OR tool[Title/Abstract] OR system[Title/Abstract]) AND (provenance[Title/Abstract] OR ""missing data""[Title/Abstract] OR uncertainty[Title/Abstract] OR conflict[Title/Abstract] OR dependence[Title/Abstract] OR ""evidence grading""[Title/Abstract]))) AND (""2010-01-01""[Date - Publication] : ""2026-09-03""[Date - Publication])","{""publication_date_from"":""2010-01-01"",""publication_date_to"":""2026-09-03"",""sort"":""relevance""}",2026-09-03T03:50:53Z,UTC,2221,SOURCE_EXPOSED_TOTAL,30,FIRST_30_OF_2221_SORT_RELEVANCE;RETSTART_0;RETMAX_30,NCBI_ESEARCH_JSON_PLUS_ESUMMARY_JSON,https://eutils.ncbi.nlm.nih.gov/entrez/eutils/,https://eutils.ncbi.nlm.nih.gov/entrez/eutils/esearch.fcgi?db=pubmed&term=%28%28%28%22evidence+synthesis%22%5BTitle%2FAbstract%5D+OR+%22evidence+assessment%22%5BTitle%2FAbstract%5D+OR+%22systematic+review%22%5BTitle%2FAbstract%5D+OR+%22living+review%22%5BTitle%2FAbstract%5D%29+AND+%28software%5BTitle%2FAbstract%5D+OR+platform%5BTitle%2FAbstract%5D+OR+tool%5BTitle%2FAbstract%5D+OR+system%5BTitle%2FAbstract%5D%29+AND+%28provenance%5BTitle%2FAbstract%5D+OR+%22missing+data%22%5BTitle%2FAbstract%5D+OR+uncertainty%5BTitle%2FAbstract%5D+OR+conflict%5BTitle%2FAbstract%5D+OR+dependence%5BTitle%2FAbstract%5D+OR+%22evidence+grading%22%5BTitle%2FAbstract%5D%29%29%29+AND+%28%222010-01-01%22%5BDate+-+Publication%5D+%3A+%222026-09-03%22%5BDate+-+Publication%5D%29&retmode=json&retmax=30&sort=relevance,outputs/phase_two/p2_e1_pilot_v0.1/search/raw_retrieval/p2e1b_pubmed_05_esearch.json|outputs/phase_two/p2_e1_pilot_v0.1/search/raw_retrieval/p2e1b_pubmed_05_esummary.json,37dab0fba37561c848ce88e07886d492d25f30f7ef3cdc96dca378e11e63915c|3ea932a1d02827db80cf656ca7b98a91e33c4535c8a79fe0b4c7255065507414,SUCCESS,,PENDING,AI_ASSISTED_DISCOVERY,Pilot only; not a production-search denominator.
P2E1B_PUBMED_06,PILOT_SEARCH,SCHOLARLY_DISCOVERY,PubMed,NCBI,BIOMEDICAL_BIBLIOGRAPHIC_API,QF06_MISSING_UNCERTAIN_DEPENDENT,CAT_06|CAT_05,NOT_APPLICABLE,"(((""missing data""[Title/Abstract] OR ""data absence""[Title/Abstract] OR coverage[Title/Abstract] OR ""not observed""[Title/Abstract] OR ""unavailable evidence""[Title/Abstract] OR ""incomplete evidence""[Title/Abstract] OR uncertainty[Title/Abstract] OR conflict[Title/Abstract] OR ""non-independent evidence""[Title/Abstract] OR ""correlated evidence""[Title/Abstract] OR ""evidence reuse""[Title/Abstract] OR ""duplicate evidence""[Title/Abstract] OR ""shared dataset""[Title/Abstract] OR ""overlapping cohort""[Title/Abstract]) AND (""evidence synthesis""[Title/Abstract] OR ""evidence integration""[Title/Abstract] OR meta-analysis[Title/Abstract] OR ""knowledge graph""[Title/Abstract]))) AND (""2010-01-01""[Date - Publication] : ""2026-09-03""[Date - Publication])","{""publication_date_from"":""2010-01-01"",""publication_date_to"":""2026-09-03"",""sort"":""relevance""}",2026-09-03T03:51:01Z,UTC,8215,SOURCE_EXPOSED_TOTAL,30,FIRST_30_OF_8215_SORT_RELEVANCE;RETSTART_0;RETMAX_30,NCBI_ESEARCH_JSON_PLUS_ESUMMARY_JSON,https://eutils.ncbi.nlm.nih.gov/entrez/eutils/,https://eutils.ncbi.nlm.nih.gov/entrez/eutils/esearch.fcgi?db=pubmed&term=%28%28%28%22missing+data%22%5BTitle%2FAbstract%5D+OR+%22data+absence%22%5BTitle%2FAbstract%5D+OR+coverage%5BTitle%2FAbstract%5D+OR+%22not+observed%22%5BTitle%2FAbstract%5D+OR+%22unavailable+evidence%22%5BTitle%2FAbstract%5D+OR+%22incomplete+evidence%22%5BTitle%2FAbstract%5D+OR+uncertainty%5BTitle%2FAbstract%5D+OR+conflict%5BTitle%2FAbstract%5D+OR+%22non-independent+evidence%22%5BTitle%2FAbstract%5D+OR+%22correlated+evidence%22%5BTitle%2FAbstract%5D+OR+%22evidence+reuse%22%5BTitle%2FAbstract%5D+OR+%22duplicate+evidence%22%5BTitle%2FAbstract%5D+OR+%22shared+dataset%22%5BTitle%2FAbstract%5D+OR+%22overlapping+cohort%22%5BTitle%2FAbstract%5D%29+AND+%28%22evidence+synthesis%22%5BTitle%2FAbstract%5D+OR+%22evidence+integration%22%5BTitle%2FAbstract%5D+OR+meta-analysis%5BTitle%2FAbstract%5D+OR+%22knowledge+graph%22%5BTitle%2FAbstract%5D%29%29%29+AND+%28%222010-01-01%22%5BDate+-+Publication%5D+%3A+%222026-09-03%22%5BDate+-+Publication%5D%29&retmode=json&retmax=30&sort=relevance,outputs/phase_two/p2_e1_pilot_v0.1/search/raw_retrieval/p2e1b_pubmed_06_esearch.json|outputs/phase_two/p2_e1_pilot_v0.1/search/raw_retrieval/p2e1b_pubmed_06_esummary.json,8ba7bf044760142d539317a70b2d957bce8e929018ccacabb7bc3ae8b1092c69|d7e2cabab3a184a3599644f21f1352953bc1034451051a7074a75bd44fe33d3d,SUCCESS,,PENDING,AI_ASSISTED_DISCOVERY,Pilot only; not a production-search denominator.
P2E1B_PUBMED_07,PILOT_SEARCH,SCHOLARLY_DISCOVERY,PubMed,NCBI,BIOMEDICAL_BIBLIOGRAPHIC_API,QF07_AI_TARGET_DISCOVERY,CAT_07|CAT_01,NOT_APPLICABLE,"(((""drug target discovery""[Title/Abstract] OR ""therapeutic target discovery""[Title/Abstract] OR ""target prioritization""[Title/Abstract] OR ""target identification""[Title/Abstract]) AND (""artificial intelligence""[Title/Abstract] OR ""machine learning""[Title/Abstract] OR ""large language model""[Title/Abstract] OR ""natural language processing""[Title/Abstract] OR ""graph neural network""[Title/Abstract]) AND (evidence[Title/Abstract] OR provenance[Title/Abstract] OR citation[Title/Abstract] OR ""knowledge graph""[Title/Abstract] OR interpretation[Title/Abstract]))) AND (""2010-01-01""[Date - Publication] : ""2026-09-03""[Date - Publication])","{""publication_date_from"":""2010-01-01"",""publication_date_to"":""2026-09-03"",""sort"":""relevance""}",2026-09-03T03:51:11Z,UTC,96,SOURCE_EXPOSED_TOTAL,30,FIRST_30_OF_96_SORT_RELEVANCE;RETSTART_0;RETMAX_30,NCBI_ESEARCH_JSON_PLUS_ESUMMARY_JSON,https://eutils.ncbi.nlm.nih.gov/entrez/eutils/,https://eutils.ncbi.nlm.nih.gov/entrez/eutils/esearch.fcgi?db=pubmed&term=%28%28%28%22drug+target+discovery%22%5BTitle%2FAbstract%5D+OR+%22therapeutic+target+discovery%22%5BTitle%2FAbstract%5D+OR+%22target+prioritization%22%5BTitle%2FAbstract%5D+OR+%22target+identification%22%5BTitle%2FAbstract%5D%29+AND+%28%22artificial+intelligence%22%5BTitle%2FAbstract%5D+OR+%22machine+learning%22%5BTitle%2FAbstract%5D+OR+%22large+language+model%22%5BTitle%2FAbstract%5D+OR+%22natural+language+processing%22%5BTitle%2FAbstract%5D+OR+%22graph+neural+network%22%5BTitle%2FAbstract%5D%29+AND+%28evidence%5BTitle%2FAbstract%5D+OR+provenance%5BTitle%2FAbstract%5D+OR+citation%5BTitle%2FAbstract%5D+OR+%22knowledge+graph%22%5BTitle%2FAbstract%5D+OR+interpretation%5BTitle%2FAbstract%5D%29%29%29+AND+%28%222010-01-01%22%5BDate+-+Publication%5D+%3A+%222026-09-03%22%5BDate+-+Publication%5D%29&retmode=json&retmax=30&sort=relevance,outputs/phase_two/p2_e1_pilot_v0.1/search/raw_retrieval/p2e1b_pubmed_07_esearch.json|outputs/phase_two/p2_e1_pilot_v0.1/search/raw_retrieval/p2e1b_pubmed_07_esummary.json,ba43fb1145ed418cbc431033047c91be3f2646f3e9629d812db09fa26c3d7276|f7f89355642fd197315222ba448602cc88ba53ad437966f14c3d5d143065062b,SUCCESS,,PENDING,AI_ASSISTED_DISCOVERY,Pilot only; not a production-search denominator.
P2E1B_PUBMED_08,PILOT_SEARCH,SCHOLARLY_DISCOVERY,PubMed,NCBI,BIOMEDICAL_BIBLIOGRAPHIC_API,QF08_COUNTER_DEPENDENCY,CAT_06|CAT_05|CAT_01,COUNTEREXAMPLE_DEPENDENCY,"(((""non-independent evidence""[Title/Abstract] OR ""dependent evidence""[Title/Abstract] OR ""correlated evidence""[Title/Abstract] OR ""evidence reuse""[Title/Abstract] OR ""duplicate evidence""[Title/Abstract] OR ""shared dataset""[Title/Abstract] OR ""overlapping cohort""[Title/Abstract]) AND (""evidence synthesis""[Title/Abstract] OR ""evidence integration""[Title/Abstract] OR meta-analysis[Title/Abstract] OR framework[Title/Abstract]))) AND (""2010-01-01""[Date - Publication] : ""2026-09-03""[Date - Publication])","{""publication_date_from"":""2010-01-01"",""publication_date_to"":""2026-09-03"",""sort"":""relevance""}",2026-09-03T03:51:18Z,UTC,22,SOURCE_EXPOSED_TOTAL,22,FIRST_22_OF_22_SORT_RELEVANCE;RETSTART_0;RETMAX_30,NCBI_ESEARCH_JSON_PLUS_ESUMMARY_JSON,https://eutils.ncbi.nlm.nih.gov/entrez/eutils/,https://eutils.ncbi.nlm.nih.gov/entrez/eutils/esearch.fcgi?db=pubmed&term=%28%28%28%22non-independent+evidence%22%5BTitle%2FAbstract%5D+OR+%22dependent+evidence%22%5BTitle%2FAbstract%5D+OR+%22correlated+evidence%22%5BTitle%2FAbstract%5D+OR+%22evidence+reuse%22%5BTitle%2FAbstract%5D+OR+%22duplicate+evidence%22%5BTitle%2FAbstract%5D+OR+%22shared+dataset%22%5BTitle%2FAbstract%5D+OR+%22overlapping+cohort%22%5BTitle%2FAbstract%5D%29+AND+%28%22evidence+synthesis%22%5BTitle%2FAbstract%5D+OR+%22evidence+integration%22%5BTitle%2FAbstract%5D+OR+meta-analysis%5BTitle%2FAbstract%5D+OR+framework%5BTitle%2FAbstract%5D%29%29%29+AND+%28%222010-01-01%22%5BDate+-+Publication%5D+%3A+%222026-09-03%22%5BDate+-+Publication%5D%29&retmode=json&retmax=30&sort=relevance,outputs/phase_two/p2_e1_pilot_v0.1/search/raw_retrieval/p2e1b_pubmed_08_esearch.json|outputs/phase_two/p2_e1_pilot_v0.1/search/raw_retrieval/p2e1b_pubmed_08_esummary.json,ac8b2bc9b02442d181408dd0176eec598f33cb26863700159055cb4054e8bca4|293e35285601dd1e1a2523012830390abe4c301efa86ba7dda4dcf8f6908448d,SUCCESS,,PENDING,AI_ASSISTED_DISCOVERY,Pilot only; not a production-search denominator.
P2E1B_PUBMED_09,PILOT_SEARCH,SCHOLARLY_DISCOVERY,PubMed,NCBI,BIOMEDICAL_BIBLIOGRAPHIC_API,QF09_COUNTER_MISSINGNESS,CAT_06|CAT_05,COUNTEREXAMPLE_MISSINGNESS,"(((""structured missingness""[Title/Abstract] OR ""missingness mechanism""[Title/Abstract] OR ""missing data""[Title/Abstract] OR ""data absence""[Title/Abstract] OR ""not observed""[Title/Abstract] OR ""unavailable evidence""[Title/Abstract] OR ""incomplete evidence""[Title/Abstract]) AND (ontology[Title/Abstract] OR ""data model""[Title/Abstract] OR framework[Title/Abstract] OR ""evidence synthesis""[Title/Abstract] OR ""knowledge graph""[Title/Abstract]) AND (biomedical[Title/Abstract] OR clinical[Title/Abstract] OR health[Title/Abstract]))) AND (""2010-01-01""[Date - Publication] : ""2026-09-03""[Date - Publication])","{""publication_date_from"":""2010-01-01"",""publication_date_to"":""2026-09-03"",""sort"":""relevance""}",2026-09-03T03:51:24Z,UTC,862,SOURCE_EXPOSED_TOTAL,30,FIRST_30_OF_862_SORT_RELEVANCE;RETSTART_0;RETMAX_30,NCBI_ESEARCH_JSON_PLUS_ESUMMARY_JSON,https://eutils.ncbi.nlm.nih.gov/entrez/eutils/,https://eutils.ncbi.nlm.nih.gov/entrez/eutils/esearch.fcgi?db=pubmed&term=%28%28%28%22structured+missingness%22%5BTitle%2FAbstract%5D+OR+%22missingness+mechanism%22%5BTitle%2FAbstract%5D+OR+%22missing+data%22%5BTitle%2FAbstract%5D+OR+%22data+absence%22%5BTitle%2FAbstract%5D+OR+%22not+observed%22%5BTitle%2FAbstract%5D+OR+%22unavailable+evidence%22%5BTitle%2FAbstract%5D+OR+%22incomplete+evidence%22%5BTitle%2FAbstract%5D%29+AND+%28ontology%5BTitle%2FAbstract%5D+OR+%22data+model%22%5BTitle%2FAbstract%5D+OR+framework%5BTitle%2FAbstract%5D+OR+%22evidence+synthesis%22%5BTitle%2FAbstract%5D+OR+%22knowledge+graph%22%5BTitle%2FAbstract%5D%29+AND+%28biomedical%5BTitle%2FAbstract%5D+OR+clinical%5BTitle%2FAbstract%5D+OR+health%5BTitle%2FAbstract%5D%29%29%29+AND+%28%222010-01-01%22%5BDate+-+Publication%5D+%3A+%222026-09-03%22%5BDate+-+Publication%5D%29&retmode=json&retmax=30&sort=relevance,outputs/phase_two/p2_e1_pilot_v0.1/search/raw_retrieval/p2e1b_pubmed_09_esearch.json|outputs/phase_two/p2_e1_pilot_v0.1/search/raw_retrieval/p2e1b_pubmed_09_esummary.json,c6b5442ac7099bf80f99450c955948e2e41d3c32f54c9c9a7037c6b84ea8dee6|f212488b9bc1fa882f8a2dc0bc606295272dc05fc06a1f014472eecc53391771,SUCCESS,,PENDING,AI_ASSISTED_DISCOVERY,Pilot only; not a production-search denominator.
P2E1B_PUBMED_10,PILOT_SEARCH,SCHOLARLY_DISCOVERY,PubMed,NCBI,BIOMEDICAL_BIBLIOGRAPHIC_API,QF10_COUNTER_PROVENANCE_AGGREGATION,CAT_04|CAT_03|CAT_01,COUNTEREXAMPLE_PROVENANCE_THROUGH_AGGREGATION,"(((provenance[Title/Abstract] OR lineage[Title/Abstract] OR derivation[Title/Abstract] OR traceability[Title/Abstract] OR ""source attribution""[Title/Abstract]) AND (aggregation[Title/Abstract] OR summarization[Title/Abstract] OR ""evidence integration""[Title/Abstract] OR ""data integration""[Title/Abstract]) AND (biomedical[Title/Abstract] OR ""knowledge graph""[Title/Abstract] OR ""drug target""[Title/Abstract]))) AND (""2010-01-01""[Date - Publication] : ""2026-09-03""[Date - Publication])","{""publication_date_from"":""2010-01-01"",""publication_date_to"":""2026-09-03"",""sort"":""relevance""}",2026-09-03T03:51:31Z,UTC,26,SOURCE_EXPOSED_TOTAL,26,FIRST_26_OF_26_SORT_RELEVANCE;RETSTART_0;RETMAX_30,NCBI_ESEARCH_JSON_PLUS_ESUMMARY_JSON,https://eutils.ncbi.nlm.nih.gov/entrez/eutils/,https://eutils.ncbi.nlm.nih.gov/entrez/eutils/esearch.fcgi?db=pubmed&term=%28%28%28provenance%5BTitle%2FAbstract%5D+OR+lineage%5BTitle%2FAbstract%5D+OR+derivation%5BTitle%2FAbstract%5D+OR+traceability%5BTitle%2FAbstract%5D+OR+%22source+attribution%22%5BTitle%2FAbstract%5D%29+AND+%28aggregation%5BTitle%2FAbstract%5D+OR+summarization%5BTitle%2FAbstract%5D+OR+%22evidence+integration%22%5BTitle%2FAbstract%5D+OR+%22data+integration%22%5BTitle%2FAbstract%5D%29+AND+%28biomedical%5BTitle%2FAbstract%5D+OR+%22knowledge+graph%22%5BTitle%2FAbstract%5D+OR+%22drug+target%22%5BTitle%2FAbstract%5D%29%29%29+AND+%28%222010-01-01%22%5BDate+-+Publication%5D+%3A+%222026-09-03%22%5BDate+-+Publication%5D%29&retmode=json&retmax=30&sort=relevance,outputs/phase_two/p2_e1_pilot_v0.1/search/raw_retrieval/p2e1b_pubmed_10_esearch.json|outputs/phase_two/p2_e1_pilot_v0.1/search/raw_retrieval/p2e1b_pubmed_10_esummary.json,ae417e6416cc3861e591ebaa47ccdd7e876d1e6b938f69c019f81e6d75b5b76a|d643d58063488e3e7f088f4c29cff0595d444b6f1bb662ad27b71d571b173014,SUCCESS,,PENDING,AI_ASSISTED_DISCOVERY,Pilot only; not a production-search denominator.
P2E1B_PUBMED_11,PILOT_SEARCH,SCHOLARLY_DISCOVERY,PubMed,NCBI,BIOMEDICAL_BIBLIOGRAPHIC_API,QF11_COUNTER_CLAIM_EVIDENCE,CAT_04|CAT_05|CAT_06|CAT_07,COUNTEREXAMPLE_CLAIM_EVIDENCE_BOUNDARY,"(((""claim evidence""[Title/Abstract] OR ""claim-evidence""[Title/Abstract] OR ""evidence graph""[Title/Abstract] OR nanopublication[Title/Abstract] OR argumentation[Title/Abstract]) AND (biomedical[Title/Abstract] OR scientific[Title/Abstract] OR clinical[Title/Abstract]) AND (causality[Title/Abstract] OR interpretation[Title/Abstract] OR provenance[Title/Abstract] OR assertion[Title/Abstract] OR knowledge[Title/Abstract]))) AND (""2010-01-01""[Date - Publication] : ""2026-09-03""[Date - Publication])","{""publication_date_from"":""2010-01-01"",""publication_date_to"":""2026-09-03"",""sort"":""relevance""}",2026-09-03T03:51:37Z,UTC,93,SOURCE_EXPOSED_TOTAL,30,FIRST_30_OF_93_SORT_RELEVANCE;RETSTART_0;RETMAX_30,NCBI_ESEARCH_JSON_PLUS_ESUMMARY_JSON,https://eutils.ncbi.nlm.nih.gov/entrez/eutils/,https://eutils.ncbi.nlm.nih.gov/entrez/eutils/esearch.fcgi?db=pubmed&term=%28%28%28%22claim+evidence%22%5BTitle%2FAbstract%5D+OR+%22claim-evidence%22%5BTitle%2FAbstract%5D+OR+%22evidence+graph%22%5BTitle%2FAbstract%5D+OR+nanopublication%5BTitle%2FAbstract%5D+OR+argumentation%5BTitle%2FAbstract%5D%29+AND+%28biomedical%5BTitle%2FAbstract%5D+OR+scientific%5BTitle%2FAbstract%5D+OR+clinical%5BTitle%2FAbstract%5D%29+AND+%28causality%5BTitle%2FAbstract%5D+OR+interpretation%5BTitle%2FAbstract%5D+OR+provenance%5BTitle%2FAbstract%5D+OR+assertion%5BTitle%2FAbstract%5D+OR+knowledge%5BTitle%2FAbstract%5D%29%29%29+AND+%28%222010-01-01%22%5BDate+-+Publication%5D+%3A+%222026-09-03%22%5BDate+-+Publication%5D%29&retmode=json&retmax=30&sort=relevance,outputs/phase_two/p2_e1_pilot_v0.1/search/raw_retrieval/p2e1b_pubmed_11_esearch.json|outputs/phase_two/p2_e1_pilot_v0.1/search/raw_retrieval/p2e1b_pubmed_11_esummary.json,c5807a263226e339c32fde95855029fcc54d5d6f9915ec579be7b9ec1d73471c|b5126c1b1a635aa422f926d6aa0bd27c8ce73e33e744aa61c1eee8e4bf231179,SUCCESS,,PENDING,AI_ASSISTED_DISCOVERY,Pilot only; not a production-search denominator.
P2E1B_PUBMED_12,PILOT_SEARCH,SCHOLARLY_DISCOVERY,PubMed,NCBI,BIOMEDICAL_BIBLIOGRAPHIC_API,QF12_CLAIM_BOUNDARY_VARIANTS,CAT_01|CAT_05|CAT_06,COUNTEREXAMPLE_CLAIM_EVIDENCE_BOUNDARY,"(((""evidence interpretation""[Title/Abstract] OR ""evidence grading""[Title/Abstract] OR ""strength of evidence""[Title/Abstract] OR ""causal inference boundary""[Title/Abstract] OR ""association versus causality""[Title/Abstract] OR ""clinical translation""[Title/Abstract]) AND (""drug target""[Title/Abstract] OR ""target evidence""[Title/Abstract] OR biomedical[Title/Abstract] OR ""evidence synthesis""[Title/Abstract] OR ""knowledge graph""[Title/Abstract]))) AND (""2010-01-01""[Date - Publication] : ""2026-09-03""[Date - Publication])","{""publication_date_from"":""2010-01-01"",""publication_date_to"":""2026-09-03"",""sort"":""relevance""}",2026-09-03T04:14:24Z,UTC,1725,SOURCE_EXPOSED_TOTAL,30,FIRST_30_OF_1725_SORT_RELEVANCE;RETSTART_0;RETMAX_30,NCBI_ESEARCH_JSON_PLUS_ESUMMARY_JSON,https://eutils.ncbi.nlm.nih.gov/entrez/eutils/,https://eutils.ncbi.nlm.nih.gov/entrez/eutils/esearch.fcgi?db=pubmed&term=%28%28%28%22evidence+interpretation%22%5BTitle%2FAbstract%5D+OR+%22evidence+grading%22%5BTitle%2FAbstract%5D+OR+%22strength+of+evidence%22%5BTitle%2FAbstract%5D+OR+%22causal+inference+boundary%22%5BTitle%2FAbstract%5D+OR+%22association+versus+causality%22%5BTitle%2FAbstract%5D+OR+%22clinical+translation%22%5BTitle%2FAbstract%5D%29+AND+%28%22drug+target%22%5BTitle%2FAbstract%5D+OR+%22target+evidence%22%5BTitle%2FAbstract%5D+OR+biomedical%5BTitle%2FAbstract%5D+OR+%22evidence+synthesis%22%5BTitle%2FAbstract%5D+OR+%22knowledge+graph%22%5BTitle%2FAbstract%5D%29%29%29+AND+%28%222010-01-01%22%5BDate+-+Publication%5D+%3A+%222026-09-03%22%5BDate+-+Publication%5D%29&retmode=json&retmax=30&sort=relevance,outputs/phase_two/p2_e1_pilot_v0.1/search/raw_retrieval/p2e1b_pubmed_12_esearch.json|outputs/phase_two/p2_e1_pilot_v0.1/search/raw_retrieval/p2e1b_pubmed_12_esummary.json,2b7660aa6f336ccb603f4e7e46c2005af2dc255d3ad7f7c840b62e995bfff1a6|b1aae6e77a8dae59b2089f3b6a723fcc344319de31e985f1baf8cbd6937fd848,SUCCESS,,PENDING,AI_ASSISTED_DISCOVERY,Pilot only; not a production-search denominator.
P2E1B_PUBMED_13,PILOT_SEARCH,SCHOLARLY_DISCOVERY,PubMed,NCBI,BIOMEDICAL_BIBLIOGRAPHIC_API,QF13_COUNTER_CONFLICT_PRESERVATION,CAT_05|CAT_06|CAT_03,COUNTEREXAMPLE_CONFLICT_PRESERVATION,"(((""conflicting evidence""[Title/Abstract] OR ""conflict preservation""[Title/Abstract] OR ""contradictory evidence""[Title/Abstract] OR ""evidence conflict""[Title/Abstract]) AND (""evidence synthesis""[Title/Abstract] OR ""evidence integration""[Title/Abstract] OR ""systematic review""[Title/Abstract] OR ""knowledge graph""[Title/Abstract]) AND (representation[Title/Abstract] OR model[Title/Abstract] OR preservation[Title/Abstract] OR reconciliation[Title/Abstract]))) AND (""2010-01-01""[Date - Publication] : ""2026-09-03""[Date - Publication])","{""publication_date_from"":""2010-01-01"",""publication_date_to"":""2026-09-03"",""sort"":""relevance""}",2026-09-03T04:16:30Z,UTC,137,SOURCE_EXPOSED_TOTAL,30,FIRST_30_OF_137_SORT_RELEVANCE;RETSTART_0;RETMAX_30,NCBI_ESEARCH_JSON_PLUS_ESUMMARY_JSON,https://eutils.ncbi.nlm.nih.gov/entrez/eutils/,https://eutils.ncbi.nlm.nih.gov/entrez/eutils/esearch.fcgi?db=pubmed&term=%28%28%28%22conflicting+evidence%22%5BTitle%2FAbstract%5D+OR+%22conflict+preservation%22%5BTitle%2FAbstract%5D+OR+%22contradictory+evidence%22%5BTitle%2FAbstract%5D+OR+%22evidence+conflict%22%5BTitle%2FAbstract%5D%29+AND+%28%22evidence+synthesis%22%5BTitle%2FAbstract%5D+OR+%22evidence+integration%22%5BTitle%2FAbstract%5D+OR+%22systematic+review%22%5BTitle%2FAbstract%5D+OR+%22knowledge+graph%22%5BTitle%2FAbstract%5D%29+AND+%28representation%5BTitle%2FAbstract%5D+OR+model%5BTitle%2FAbstract%5D+OR+preservation%5BTitle%2FAbstract%5D+OR+reconciliation%5BTitle%2FAbstract%5D%29%29%29+AND+%28%222010-01-01%22%5BDate+-+Publication%5D+%3A+%222026-09-03%22%5BDate+-+Publication%5D%29&retmode=json&retmax=30&sort=relevance,outputs/phase_two/p2_e1_pilot_v0.1/search/raw_retrieval/p2e1b_pubmed_13_esearch.json|outputs/phase_two/p2_e1_pilot_v0.1/search/raw_retrieval/p2e1b_pubmed_13_esummary.json,e0bd974bbe07bcab2142de7a60ed73ff58d7f20e1a34dc11b0b4068d5e86c163|8170f448a921e7cbb1b43304530ef8443b19afe118152eba34b3593375b9d1cb,SUCCESS,,PENDING,AI_ASSISTED_DISCOVERY,Pilot only; not a production-search denominator.
P2E1B_PUBMED_14,PILOT_SEARCH,SCHOLARLY_DISCOVERY,PubMed,NCBI,BIOMEDICAL_BIBLIOGRAPHIC_API,QF14_COUNTER_AI_GROUNDING,CAT_07|CAT_01,COUNTEREXAMPLE_AI_OUTPUT_SOURCE_GROUNDING,"((((""artificial intelligence""[Title/Abstract] OR ""large language model""[Title/Abstract] OR ""AI-assisted""[Title/Abstract]) AND (""target discovery""[Title/Abstract] OR ""target prioritization""[Title/Abstract] OR ""drug discovery""[Title/Abstract])) AND (grounding[Title/Abstract] OR citation[Title/Abstract] OR ""source attribution""[Title/Abstract] OR ""evidence link""[Title/Abstract] OR provenance[Title/Abstract] OR traceability[Title/Abstract]))) AND (""2010-01-01""[Date - Publication] : ""2026-09-03""[Date - Publication])","{""publication_date_from"":""2010-01-01"",""publication_date_to"":""2026-09-03"",""sort"":""relevance""}",2026-09-03T04:17:00Z,UTC,26,SOURCE_EXPOSED_TOTAL,26,FIRST_26_OF_26_SORT_RELEVANCE;RETSTART_0;RETMAX_30,NCBI_ESEARCH_JSON_PLUS_ESUMMARY_JSON,https://eutils.ncbi.nlm.nih.gov/entrez/eutils/,https://eutils.ncbi.nlm.nih.gov/entrez/eutils/esearch.fcgi?db=pubmed&term=%28%28%28%28%22artificial+intelligence%22%5BTitle%2FAbstract%5D+OR+%22large+language+model%22%5BTitle%2FAbstract%5D+OR+%22AI-assisted%22%5BTitle%2FAbstract%5D%29+AND+%28%22target+discovery%22%5BTitle%2FAbstract%5D+OR+%22target+prioritization%22%5BTitle%2FAbstract%5D+OR+%22drug+discovery%22%5BTitle%2FAbstract%5D%29%29+AND+%28grounding%5BTitle%2FAbstract%5D+OR+citation%5BTitle%2FAbstract%5D+OR+%22source+attribution%22%5BTitle%2FAbstract%5D+OR+%22evidence+link%22%5BTitle%2FAbstract%5D+OR+provenance%5BTitle%2FAbstract%5D+OR+traceability%5BTitle%2FAbstract%5D%29%29%29+AND+%28%222010-01-01%22%5BDate+-+Publication%5D+%3A+%222026-09-03%22%5BDate+-+Publication%5D%29&retmode=json&retmax=30&sort=relevance,outputs/phase_two/p2_e1_pilot_v0.1/search/raw_retrieval/p2e1b_pubmed_14_esearch.json|outputs/phase_two/p2_e1_pilot_v0.1/search/raw_retrieval/p2e1b_pubmed_14_esummary.json,93c5cf2eeb47fb4c41f7d42cd99bc05c99470cfc6a75c527f25d8538f803d3ab|bd95f13b64fde1208b9a1428cc69680f5d547eed0039ff8edde2dfb4e309f931,SUCCESS,,PENDING,AI_ASSISTED_DISCOVERY,Pilot only; not a production-search denominator.
