artifact_id,relative_path,artifact_class,file_size_bytes,sha256,generated_by,input_dependencies_if_known,git_tracking_status,over_100mb,large_output_artifact,untracked_large_file
ART-bc37d034bad56458,.gitignore,A,554,4aa12530a63cd223433c147203a71dbf8c377784097e1147f0c0e8db967fa70c,AUTHOR_MAINTAINED,NOT_DOCUMENTED,TRACKED_GIT,FALSE,FALSE,FALSE
ART-b335630551682c19,README.md,A,855,9a665151dc95aafd0fa7455510a0b84f6e81728f789769112aff181ff79cfc20,AUTHOR_MAINTAINED,NOT_DOCUMENTED,TRACKED_GIT,FALSE,FALSE,FALSE
ART-1c2ededaa9904c40,analysis/01_tcga_luad_reconnaissance.R,A,18574,f5aa239ac9e06e1dffaafb0a88034aff0adf4f5aacc90923101bedb73d321ca0,AUTHOR_MAINTAINED,DOCUMENTED_IN_SCRIPT_OR_TASK_SPECIFICATION,TRACKED_GIT,FALSE,FALSE,FALSE
ART-d261ac844b40681d,analysis/02_cohort_count_diagnostics.R,A,34895,fd77a493e531b505dfea37041b595fb4518f0da17c97a6ae9b7f1bd4a1ae6e7e,AUTHOR_MAINTAINED,DOCUMENTED_IN_SCRIPT_OR_TASK_SPECIFICATION,TRACKED_GIT,FALSE,FALSE,FALSE
ART-c5f2ac1d52d6ca98,analysis/03_sample_level_qc.R,A,42883,44d8f68322c760cef9e1e430c653b721cc0d1394edda7b0ed6cf5cfca80de7d9,AUTHOR_MAINTAINED,DOCUMENTED_IN_SCRIPT_OR_TASK_SPECIFICATION,TRACKED_GIT,FALSE,FALSE,FALSE
ART-a830f9a687b35cae,analysis/04_tcga_replicate_ffpe_audit.R,A,50887,34ddcbc037fe041e739408a95b00e15535964c6521a8875a825b8bcd9bba9d34,AUTHOR_MAINTAINED,DOCUMENTED_IN_SCRIPT_OR_TASK_SPECIFICATION,TRACKED_GIT,FALSE,FALSE,FALSE
ART-c5bb422f5f595a6d,analysis/05_final_cohort_qc.R,A,53814,1a95d863b70b3c37652a78c65d5624cc31b181e65ec3faadd913afa1ee00c52c,AUTHOR_MAINTAINED,DOCUMENTED_IN_SCRIPT_OR_TASK_SPECIFICATION,TRACKED_GIT,FALSE,FALSE,FALSE
ART-fabf95f00d30a6cc,analysis/06_primary_differential_expression.R,A,34829,239dd8a11df7ba7a7b86fb1f1509702e80c80fe4822bae42a0ac387ea97995ec,AUTHOR_MAINTAINED,DOCUMENTED_IN_SCRIPT_OR_TASK_SPECIFICATION,TRACKED_GIT,FALSE,FALSE,FALSE
ART-83326de40194e8d7,analysis/07_de_sensitivity_analyses.R,A,58716,c48516bf8bcd12ae81f9f7bde893b85588e609a1afdfe0a0c1995274577faa2d,AUTHOR_MAINTAINED,DOCUMENTED_IN_SCRIPT_OR_TASK_SPECIFICATION,TRACKED_GIT,FALSE,FALSE,FALSE
ART-f700ea5b0ee7542b,analysis/08_build_candidate_registry.py,A,28480,a40ae1689e4176c612fd3009950b6ec66681b85326e16c52c770b34e3b9c5b8b,AUTHOR_MAINTAINED,DOCUMENTED_IN_SCRIPT_OR_TASK_SPECIFICATION,TRACKED_GIT,FALSE,FALSE,FALSE
ART-c0be8530538f9a33,analysis/09_identifier_normalization.py,A,35430,24c4ea201e9149f678c168e692548723c06273246cdfd1f4b5bfcdb56f547723,AUTHOR_MAINTAINED,DOCUMENTED_IN_SCRIPT_OR_TASK_SPECIFICATION,TRACKED_GIT,FALSE,FALSE,FALSE
ART-dfb02a9b9c25c782,analysis/10_build_evidence_layer.py,A,46721,50136816005038bed3377923b1e31036ad3d2146daedc994548ccdbfbaec2a7a,AUTHOR_MAINTAINED,DOCUMENTED_IN_SCRIPT_OR_TASK_SPECIFICATION,TRACKED_GIT,FALSE,FALSE,FALSE
ART-35776c66ccb80fe5,analysis/11_build_tractability_safety_layer.py,A,46174,933e4b920f06e77bd315aa1bc9fcb6bc7c2d1d822d3b67916022b0d4de932b34,AUTHOR_MAINTAINED,DOCUMENTED_IN_SCRIPT_OR_TASK_SPECIFICATION,TRACKED_GIT,FALSE,FALSE,FALSE
ART-af15bc45d78c8d31,analysis/12_build_integrated_registry.py,A,29556,af033762b1a011971686640b21e46cde01198035f8ae9f7bc89dc5efb47bbd4d,AUTHOR_MAINTAINED,DOCUMENTED_IN_SCRIPT_OR_TASK_SPECIFICATION,TRACKED_GIT,FALSE,FALSE,FALSE
ART-fd49603b6e765b33,analysis/13_build_evidence_ontology.py,A,42122,142e8fa140067a800571bede88b0695d25738c39ca78f77422e1bf0a4bd73dd0,AUTHOR_MAINTAINED,DOCUMENTED_IN_SCRIPT_OR_TASK_SPECIFICATION,TRACKED_GIT,FALSE,FALSE,FALSE
ART-1bf5afde06523498,analysis/14_build_evidence_claim_architecture.py,A,57521,ab05d87c02a3499760014fd02ae43811e2ba3ffb32ab69db993217d7ffea92bf,AUTHOR_MAINTAINED,DOCUMENTED_IN_SCRIPT_OR_TASK_SPECIFICATION,TRACKED_GIT,FALSE,FALSE,FALSE
ART-251c7e6b31e9de22,analysis/16_build_evidence_gap_analysis.py,A,41654,2abd1e3bdbb645d9cbe1a4be9c7793cadfc477aeb21b23a321131b70c496c9e7,AUTHOR_MAINTAINED,DOCUMENTED_IN_SCRIPT_OR_TASK_SPECIFICATION,TRACKED_GIT,FALSE,FALSE,FALSE
ART-3b0c0a6101474b3d,analysis/17_build_evidence_acquisition_framework.py,A,34104,747f575665a7d5d3bad19640fb01dc1b611f9c0183176560e9f7a7942ce16906,AUTHOR_MAINTAINED,DOCUMENTED_IN_SCRIPT_OR_TASK_SPECIFICATION,TRACKED_GIT,FALSE,FALSE,FALSE
ART-b94c7a19234e3a17,analysis/18_build_artifact_governance_manifest.py,A,31985,12311c9402b2e4c3780644c08c0882362e0e7cd9826e09d825af9870cec22b81,AUTHOR_MAINTAINED,DOCUMENTED_IN_SCRIPT_OR_TASK_SPECIFICATION,UNTRACKED,FALSE,FALSE,FALSE
ART-dd2a58814f505992,docs/artifact_governance_plan_v0.1.md,A,7241,92557a1e2002c841d9acd41b0bd58177a92b18105bc555b57ecd8df1ef841c7a,AUTHOR_MAINTAINED,SCIENTIFIC_OR_GOVERNANCE_DECISIONS_FROM_PRIOR_TASKS,UNTRACKED,FALSE,FALSE,FALSE
ART-add11c69ff232c2a,docs/candidate_generation_decision_v0.1.md,A,5731,65aaef0a2f79d974ecfa6f91339a6099f24fa6ec10ec2f1bad71d2e4ef3d2577,AUTHOR_MAINTAINED,SCIENTIFIC_OR_GOVERNANCE_DECISIONS_FROM_PRIOR_TASKS,TRACKED_GIT,FALSE,FALSE,FALSE
ART-1b377a523db0a5be,docs/de_design_decision_v0.1.md,A,3678,550018f8284b58716c2e3e83ed8d6c0a7dd6cc534f9a417fa4ad8a9844c3233f,AUTHOR_MAINTAINED,SCIENTIFIC_OR_GOVERNANCE_DECISIONS_FROM_PRIOR_TASKS,TRACKED_GIT,FALSE,FALSE,FALSE
ART-5c48df3e7d1e11b1,docs/de_sensitivity_analysis_plan_v0.1.md,A,4839,66a4ff4474a7cb3d15c983004780cb580c05bde7282eb7927ca6d07cfd573863,AUTHOR_MAINTAINED,SCIENTIFIC_OR_GOVERNANCE_DECISIONS_FROM_PRIOR_TASKS,TRACKED_GIT,FALSE,FALSE,FALSE
ART-de87d12a350eaceb,docs/evidence_acquisition_framework_v0.1.md,A,8210,cc7d95487b917c20ceaee5d696dd8be88fbe115f764e9e0c38293fd570818afb,AUTHOR_MAINTAINED,SCIENTIFIC_OR_GOVERNANCE_DECISIONS_FROM_PRIOR_TASKS,TRACKED_GIT,FALSE,FALSE,FALSE
ART-2c53d37e227ea2ef,docs/evidence_claim_model_v0.1.md,A,10169,8f0e11f237c756131593f44367f9774f6a2250c54b6b497a22ba737858869c2b,AUTHOR_MAINTAINED,SCIENTIFIC_OR_GOVERNANCE_DECISIONS_FROM_PRIOR_TASKS,TRACKED_GIT,FALSE,FALSE,FALSE
ART-d270a69683b9a035,docs/evidence_gap_analysis_plan_v0.1.md,A,8035,2234b8e27a2e425aa38537f09923833b2d8214859cd1dd9a330fcfb55fee77c3,AUTHOR_MAINTAINED,SCIENTIFIC_OR_GOVERNANCE_DECISIONS_FROM_PRIOR_TASKS,TRACKED_GIT,FALSE,FALSE,FALSE
ART-af35d509e83aa989,docs/evidence_layer_plan_v0.1.md,A,8219,6e72e4932f02d939498269387ff2e3904ff3ad409440a29f7f3bf7f87d99359c,AUTHOR_MAINTAINED,SCIENTIFIC_OR_GOVERNANCE_DECISIONS_FROM_PRIOR_TASKS,TRACKED_GIT,FALSE,FALSE,FALSE
ART-e7f2de76d4679bc2,docs/evidence_ontology_plan_v0.1.md,A,9126,6ab588b6cd92841d44a0e400a3ef39e9e86a04796772e8869826335e3657c7f3,AUTHOR_MAINTAINED,SCIENTIFIC_OR_GOVERNANCE_DECISIONS_FROM_PRIOR_TASKS,TRACKED_GIT,FALSE,FALSE,FALSE
ART-697ec876da95d36b,docs/identifier_normalization_plan_v0.1.md,A,6718,363c50f84b4d5e27c6926fa92dc3113a230873821ee2781666593a09be393436,AUTHOR_MAINTAINED,SCIENTIFIC_OR_GOVERNANCE_DECISIONS_FROM_PRIOR_TASKS,TRACKED_GIT,FALSE,FALSE,FALSE
ART-2c5fb14aaf197e3b,docs/integrated_registry_plan_v0.1.md,A,5814,71c759a0699a76070a369ce28c79456ddfc33064f901586a646e59a9649200d0,AUTHOR_MAINTAINED,SCIENTIFIC_OR_GOVERNANCE_DECISIONS_FROM_PRIOR_TASKS,TRACKED_GIT,FALSE,FALSE,FALSE
ART-cac2ee81c361da5f,docs/scientific_spec_v0.1.md,A,17979,d1291fb55063e684ffe8ab56a7eff49066a042bf66b60ce0ffc8eab9e7c20c55,AUTHOR_MAINTAINED,SCIENTIFIC_OR_GOVERNANCE_DECISIONS_FROM_PRIOR_TASKS,TRACKED_GIT,FALSE,FALSE,FALSE
ART-4bb5bbd3685c07de,docs/target_evidence_schema_v0.1.md,A,23235,f924429651a949d4f6ffef8893c8554365faad229610ed74b2eb20fc74f0ea5a,AUTHOR_MAINTAINED,SCIENTIFIC_OR_GOVERNANCE_DECISIONS_FROM_PRIOR_TASKS,TRACKED_GIT,FALSE,FALSE,FALSE
ART-824c9013bb651cfe,docs/target_prioritization_framework_v0.1.md,A,19425,9d7c76235a9272cf62157eb322cc8d0f55dc2af697958d707b28e43c06334213,AUTHOR_MAINTAINED,SCIENTIFIC_OR_GOVERNANCE_DECISIONS_FROM_PRIOR_TASKS,TRACKED_GIT,FALSE,FALSE,FALSE
ART-130d2772d3254194,docs/tractability_safety_plan_v0.1.md,A,7941,b05c85c310b80cd539be545e160364ed3b630639416b017001248011dc7d7090,AUTHOR_MAINTAINED,SCIENTIFIC_OR_GOVERNANCE_DECISIONS_FROM_PRIOR_TASKS,TRACKED_GIT,FALSE,FALSE,FALSE
ART-e38da092e44e26f4,outputs/candidate_registry/candidate_generation_summary.md,B,2355,8d20d2cbbe3e79baea43761905ddeea6e58d0d5b24a9bd2b435b1c180609c08e,analysis/08_build_candidate_registry.py,outputs/differential_expression|outputs/de_sensitivity|docs/candidate_generation_decision_v0.1.md,TRACKED_GIT,FALSE,FALSE,FALSE
ART-52973753a7376a53,outputs/candidate_registry/candidate_layer_counts.csv,B,499,790eb4b2e006523615dbad362cc84e1e394a4aeee0fb560b62a266ec6a02e16b,analysis/08_build_candidate_registry.py,outputs/differential_expression|outputs/de_sensitivity|docs/candidate_generation_decision_v0.1.md,TRACKED_GIT,FALSE,FALSE,FALSE
ART-80a2f9f51c35d7c7,outputs/candidate_registry/candidate_queue.csv,B,8382960,1b560f4a3d6c40d0c988686d31c9d5cd8e539059af4bd0cfbe5ddf4a200cd133,analysis/08_build_candidate_registry.py,outputs/differential_expression|outputs/de_sensitivity|docs/candidate_generation_decision_v0.1.md,TRACKED_GIT,FALSE,FALSE,FALSE
ART-5035ccfb37b7383a,outputs/candidate_registry/candidate_registry.csv,B,17480599,8055a9d99d058d219399957e62f6a3cccc3dd2217bc028d1d11dd4dc667f90e2,analysis/08_build_candidate_registry.py,outputs/differential_expression|outputs/de_sensitivity|docs/candidate_generation_decision_v0.1.md,TRACKED_GIT,FALSE,FALSE,FALSE
ART-38ff2869cad377c6,outputs/candidate_registry/gene_type_counts_by_layer.csv,B,3817,2c65221bd9506da2d4a8667197209eaa8577e19b8bae15e5e08e162d57de1a5e,analysis/08_build_candidate_registry.py,outputs/differential_expression|outputs/de_sensitivity|docs/candidate_generation_decision_v0.1.md,TRACKED_GIT,FALSE,FALSE,FALSE
ART-b5c099516ff23603,outputs/candidate_registry/robustness_summary.csv,B,1146,97049eaf31020dd764fbf030d2fb7a9bee0fcebab249477ed9bfe8eb3f564e1c,analysis/08_build_candidate_registry.py,outputs/differential_expression|outputs/de_sensitivity|docs/candidate_generation_decision_v0.1.md,TRACKED_GIT,FALSE,FALSE,FALSE
ART-2c076d7e55b41102,outputs/candidate_registry/session_info.txt,B,1651,f1b962e48cdf2d573a78e488beb34344cd5d8b3db784b7619b5a63208b827079,analysis/08_build_candidate_registry.py,outputs/differential_expression|outputs/de_sensitivity|docs/candidate_generation_decision_v0.1.md,TRACKED_GIT,FALSE,FALSE,FALSE
ART-fc1fbc8e903f9bd1,outputs/cohort_diagnostics/cohort_diagnostics_summary.md,B,5273,5db0ee13e1f13a47ae619f1d094346e3cf05ee97785af1dfefe4d2be193196dd,analysis/02_cohort_count_diagnostics.R,outputs/reconnaissance|external recount3 cached project files,TRACKED_GIT,FALSE,FALSE,FALSE
ART-a3fc4ae1baa577cd,outputs/cohort_diagnostics/count_qc_summary.csv,B,1649,cc0727f1a1d9f516ce66b397d10ab044f640c37c476125741d5cb23632feb0e9,analysis/02_cohort_count_diagnostics.R,outputs/reconnaissance|external recount3 cached project files,TRACKED_GIT,FALSE,FALSE,FALSE
ART-f20155ca3683156b,outputs/cohort_diagnostics/expression_record_ledger.csv,B,309545,36abff1bef30f7e9512744ea6d291060206398fc380d672f1929313db444d9d0,analysis/02_cohort_count_diagnostics.R,outputs/reconnaissance|external recount3 cached project files,TRACKED_GIT,FALSE,FALSE,FALSE
ART-cb475ec24d425563,outputs/cohort_diagnostics/repeated_aliquots.csv,B,802,32d125984017a047522ae0a67a4466362ce5a7e45b82d5a9e671e2b17e4f9369,analysis/02_cohort_count_diagnostics.R,outputs/reconnaissance|external recount3 cached project files,TRACKED_GIT,FALSE,FALSE,FALSE
ART-2d7c0347568f2658,outputs/cohort_diagnostics/repeated_cases.csv,B,46489,a3c9a7dee9a0865ce5e93568de672cf24b25f36defd85d3564141a1d08a42486,analysis/02_cohort_count_diagnostics.R,outputs/reconnaissance|external recount3 cached project files,TRACKED_GIT,FALSE,FALSE,FALSE
ART-4c6e6c756ad0f514,outputs/cohort_diagnostics/repeated_samples.csv,B,6674,daab22d885e3b28a957eff3c2e53d7212ef764561c4af54b7e65ab00b6fb1c51,analysis/02_cohort_count_diagnostics.R,outputs/reconnaissance|external recount3 cached project files,TRACKED_GIT,FALSE,FALSE,FALSE
ART-8986dcaa7b0f0207,outputs/cohort_diagnostics/sample_type_by_batch.csv,B,714,6f247280e5c1fdd1cabd23871ccefbbfdbec2844c002ddd18f0fc43e2dbc5768,analysis/02_cohort_count_diagnostics.R,outputs/reconnaissance|external recount3 cached project files,TRACKED_GIT,FALSE,FALSE,FALSE
ART-e82a0a06e53a03b7,outputs/cohort_diagnostics/sample_type_by_tss.csv,B,1996,49015dbb9c5bbdb46e9df7ff4f8b8aaefb6a5668914c866731575215e04233e0,analysis/02_cohort_count_diagnostics.R,outputs/reconnaissance|external recount3 cached project files,TRACKED_GIT,FALSE,FALSE,FALSE
ART-da1fff5d3a483379,outputs/cohort_diagnostics/technical_duplicate_check.csv,B,859,9eae4cf45bb20b1f66f7cce7fc567d8524b883b0933e833825ca0fb7a81440db,analysis/02_cohort_count_diagnostics.R,outputs/reconnaissance|external recount3 cached project files,TRACKED_GIT,FALSE,FALSE,FALSE
ART-fdfce113a96f1f38,outputs/de_sensitivity/S5_sample_quality_weights.csv,B,105664,a7e9d5ee0bccf576e8f24b5bed9daced907ad4a1f335ae88e22e7a96c753d6c4,analysis/07_de_sensitivity_analyses.R,outputs/differential_expression|outputs/final_sample_qc|docs/de_sensitivity_analysis_plan_v0.1.md,TRACKED_GIT,FALSE,FALSE,FALSE
ART-e20f8ef8dd24906e,outputs/de_sensitivity/S5_sample_weight_summary.csv,B,1229,cdd2934c90514df05ba3995817b25155d74e7d129da1a339ff1c56a5d1ee0fc4,analysis/07_de_sensitivity_analyses.R,outputs/differential_expression|outputs/final_sample_qc|docs/de_sensitivity_analysis_plan_v0.1.md,TRACKED_GIT,FALSE,FALSE,FALSE
ART-f69afe08b5b6b73e,outputs/de_sensitivity/comparison_metrics.csv,B,883,056e58f223e25f5168b6f55881a90559c188797423cf33bf40e041496c6ed659,analysis/07_de_sensitivity_analyses.R,outputs/differential_expression|outputs/final_sample_qc|docs/de_sensitivity_analysis_plan_v0.1.md,TRACKED_GIT,FALSE,FALSE,FALSE
ART-ff899bd840c1fd1b,outputs/de_sensitivity/de_threshold_summary_by_model.csv,B,4110,b0d2c2cd37fbfe5f96feffb43f242a81acff543ec4d6fc45a140aff5be0f95cb,analysis/07_de_sensitivity_analyses.R,outputs/differential_expression|outputs/final_sample_qc|docs/de_sensitivity_analysis_plan_v0.1.md,TRACKED_GIT,FALSE,FALSE,FALSE
ART-2faba36dcdedee0b,outputs/de_sensitivity/design_condition_diagnostics.csv,B,8427,1a872ecf71ba00007c1c05e4934a83e88da99e4cab7a47825911f53a875f2f95,analysis/07_de_sensitivity_analyses.R,outputs/differential_expression|outputs/final_sample_qc|docs/de_sensitivity_analysis_plan_v0.1.md,TRACKED_GIT,FALSE,FALSE,FALSE
ART-6860678987d557e3,outputs/de_sensitivity/design_group_support_counts.csv,B,2631,e27ffa753c87b44b9f2372ab44803827f7ef22fbbb1d2c002bfb56173ef140fc,analysis/07_de_sensitivity_analyses.R,outputs/differential_expression|outputs/final_sample_qc|docs/de_sensitivity_analysis_plan_v0.1.md,TRACKED_GIT,FALSE,FALSE,FALSE
ART-230622dd55f84160,outputs/de_sensitivity/fdr_overlap_summary.csv,B,753,a6b06ba43682d5d040f331f91d315aa4d918531613694ed7e448c9ac72e86543,analysis/07_de_sensitivity_analyses.R,outputs/differential_expression|outputs/final_sample_qc|docs/de_sensitivity_analysis_plan_v0.1.md,TRACKED_GIT,FALSE,FALSE,FALSE
ART-4242e4e305f74ccb,outputs/de_sensitivity/figures/S1_logfc_vs_primary.png,B,81816,4cd314d7df8c364454a924452be6986c3ee25943b0dc807b2c4f5098ea2b11d9,analysis/07_de_sensitivity_analyses.R,outputs/differential_expression|outputs/final_sample_qc|docs/de_sensitivity_analysis_plan_v0.1.md,TRACKED_GIT,FALSE,FALSE,FALSE
ART-374a2510a8c45881,outputs/de_sensitivity/figures/S1_voom_mean_variance.png,B,261291,3f15486d7e0374958f2358f42e1e0a55a117ea1d2b155988b524c65edb8511f3,analysis/07_de_sensitivity_analyses.R,outputs/differential_expression|outputs/final_sample_qc|docs/de_sensitivity_analysis_plan_v0.1.md,TRACKED_GIT,FALSE,FALSE,FALSE
ART-edefda64be042aa9,outputs/de_sensitivity/figures/S2_logfc_vs_primary.png,B,97739,875f52f43d696a1f90e5fd4cdbdd00f3516c8d610f6fcf43b5f7e483b62a03cb,analysis/07_de_sensitivity_analyses.R,outputs/differential_expression|outputs/final_sample_qc|docs/de_sensitivity_analysis_plan_v0.1.md,TRACKED_GIT,FALSE,FALSE,FALSE
ART-d023cce31a1be401,outputs/de_sensitivity/figures/S2_voom_mean_variance.png,B,262714,596b672c8381bacb11914a95ae0bb7a907c700c62b6ba3da9689bef02a21fb40,analysis/07_de_sensitivity_analyses.R,outputs/differential_expression|outputs/final_sample_qc|docs/de_sensitivity_analysis_plan_v0.1.md,TRACKED_GIT,FALSE,FALSE,FALSE
ART-e16bb6e35a538bc0,outputs/de_sensitivity/figures/S3_logfc_vs_primary.png,B,94247,0bb62e576425ba87fa6cccc22556e6ac0a836ff61279ec5c5691f52b20c691e5,analysis/07_de_sensitivity_analyses.R,outputs/differential_expression|outputs/final_sample_qc|docs/de_sensitivity_analysis_plan_v0.1.md,TRACKED_GIT,FALSE,FALSE,FALSE
ART-eaab8d3c3c95c3ba,outputs/de_sensitivity/figures/S3_voom_mean_variance.png,B,262546,80a520a81bb5754431a191fc6e28d96dd8831420db33ff7ccc233edc2793934b,analysis/07_de_sensitivity_analyses.R,outputs/differential_expression|outputs/final_sample_qc|docs/de_sensitivity_analysis_plan_v0.1.md,TRACKED_GIT,FALSE,FALSE,FALSE
ART-b501fce36a39938b,outputs/de_sensitivity/figures/S4_logfc_vs_primary.png,B,91940,e4779079b66d3b88df76c2b8dd553c3d0cbdf8081f7ecbb8b13dc427c346d800,analysis/07_de_sensitivity_analyses.R,outputs/differential_expression|outputs/final_sample_qc|docs/de_sensitivity_analysis_plan_v0.1.md,TRACKED_GIT,FALSE,FALSE,FALSE
ART-7b61d85041f0ba20,outputs/de_sensitivity/figures/S4_voom_mean_variance.png,B,267420,788e06da7582825805d7c1965317a12c468f5245956957c666dc6da8a9271328,analysis/07_de_sensitivity_analyses.R,outputs/differential_expression|outputs/final_sample_qc|docs/de_sensitivity_analysis_plan_v0.1.md,TRACKED_GIT,FALSE,FALSE,FALSE
ART-51eb59c42ac43b02,outputs/de_sensitivity/figures/S5_logfc_vs_primary.png,B,92998,666d9e65c08673a91de245af2171f215e2e11ba494aa42c2a2c0a6535c0d6e56,analysis/07_de_sensitivity_analyses.R,outputs/differential_expression|outputs/final_sample_qc|docs/de_sensitivity_analysis_plan_v0.1.md,TRACKED_GIT,FALSE,FALSE,FALSE
ART-ab877b821d1d4d14,outputs/de_sensitivity/figures/S5_sample_quality_weights.png,B,103865,ab47bb996be9e6a71b33ec2b7cf2e4cdc3ac21a97b77a9e0b40d6a7670f2f52d,analysis/07_de_sensitivity_analyses.R,outputs/differential_expression|outputs/final_sample_qc|docs/de_sensitivity_analysis_plan_v0.1.md,TRACKED_GIT,FALSE,FALSE,FALSE
ART-f0c1a1311e2858ce,outputs/de_sensitivity/figures/S5_voom_mean_variance.png,B,269789,6da9f6436fcf6a26dbea97876302263eeff1277ea4c416954da3649b42a2e193,analysis/07_de_sensitivity_analyses.R,outputs/differential_expression|outputs/final_sample_qc|docs/de_sensitivity_analysis_plan_v0.1.md,TRACKED_GIT,FALSE,FALSE,FALSE
ART-9f3155794d197606,outputs/de_sensitivity/figures/S6_logfc_vs_primary.png,B,113837,32ea057083fa317e228a95eabc804d183bf6944c548dfd2134439302a0798c1f,analysis/07_de_sensitivity_analyses.R,outputs/differential_expression|outputs/final_sample_qc|docs/de_sensitivity_analysis_plan_v0.1.md,TRACKED_GIT,FALSE,FALSE,FALSE
ART-e6a3a96bed6be9f0,outputs/de_sensitivity/figures/S6_voom_mean_variance.png,B,274016,f192166baf0d190da0f3c67066a8367eac2cee3cffa88d952c77a80a50a4aff3,analysis/07_de_sensitivity_analyses.R,outputs/differential_expression|outputs/final_sample_qc|docs/de_sensitivity_analysis_plan_v0.1.md,TRACKED_GIT,FALSE,FALSE,FALSE
ART-deb455e20b250e70,outputs/de_sensitivity/figures/de_counts_by_model.png,B,61637,29b55500c6df5c88196bf545e00a22870fd4cc81163f2227925d7799a8a7eddd,analysis/07_de_sensitivity_analyses.R,outputs/differential_expression|outputs/final_sample_qc|docs/de_sensitivity_analysis_plan_v0.1.md,TRACKED_GIT,FALSE,FALSE,FALSE
ART-fffa7153ce7f4ff2,outputs/de_sensitivity/figures/delta_logfc_by_sensitivity.png,B,71184,cd64e38de13dc34370d2eb779588600f849576c9aa99a1f1e616e5d13a3e4da0,analysis/07_de_sensitivity_analyses.R,outputs/differential_expression|outputs/final_sample_qc|docs/de_sensitivity_analysis_plan_v0.1.md,TRACKED_GIT,FALSE,FALSE,FALSE
ART-94ca40ac4cc2a564,outputs/de_sensitivity/figures/logfc_correlation_heatmap.png,B,105822,fe7a4506d59281d4f0086e826b0fb0ce84c2b7fad20bd2bc1f208bc16e4300f9,analysis/07_de_sensitivity_analyses.R,outputs/differential_expression|outputs/final_sample_qc|docs/de_sensitivity_analysis_plan_v0.1.md,TRACKED_GIT,FALSE,FALSE,FALSE
ART-3f9d0a047c368b65,outputs/de_sensitivity/model_dependent_genes.csv,B,60331,08ef1e2b83d86c7a3618f999b50af4b252c35780fc9e22c413b6c677e5f38138,analysis/07_de_sensitivity_analyses.R,outputs/differential_expression|outputs/final_sample_qc|docs/de_sensitivity_analysis_plan_v0.1.md,TRACKED_GIT,FALSE,FALSE,FALSE
ART-b0e9982d3151cd0a,outputs/de_sensitivity/model_diagnostics.csv,B,15518,f27c9d7efb38ec77b5084392b730e83e90a5284263578af874b148ec44e0588f,analysis/07_de_sensitivity_analyses.R,outputs/differential_expression|outputs/final_sample_qc|docs/de_sensitivity_analysis_plan_v0.1.md,TRACKED_GIT,FALSE,FALSE,FALSE
ART-2db3ba81e7fd118f,outputs/de_sensitivity/reduced_residual_df_genes.csv,B,270371,372c4b46836ac9d5c8e9a07c5bdb00164298f8a8f2a329a39466a8bdf1b5345f,analysis/07_de_sensitivity_analyses.R,outputs/differential_expression|outputs/final_sample_qc|docs/de_sensitivity_analysis_plan_v0.1.md,TRACKED_GIT,FALSE,FALSE,FALSE
ART-578ab3ae10e0f280,outputs/de_sensitivity/results/S1_de_results.csv,B,4677727,61b3aae22f2d7bf0baf315b27bfc3604ffc3c88cb983fe56ea22591e5e3398d4,analysis/07_de_sensitivity_analyses.R,outputs/differential_expression|outputs/final_sample_qc|docs/de_sensitivity_analysis_plan_v0.1.md,TRACKED_GIT,FALSE,FALSE,FALSE
ART-eb80b3a84857aa2e,outputs/de_sensitivity/results/S2_de_results.csv,B,4680886,f0dad1ce3044b78894a8f1d973131fdca123e386b9bd08b0f2e1bb9682c6591c,analysis/07_de_sensitivity_analyses.R,outputs/differential_expression|outputs/final_sample_qc|docs/de_sensitivity_analysis_plan_v0.1.md,TRACKED_GIT,FALSE,FALSE,FALSE
ART-1199a44646297bb0,outputs/de_sensitivity/results/S3_de_results.csv,B,4679431,07a66ad2509d091cd68fccf92b88fdf18087b5f0a577b01df739e89e7bac782f,analysis/07_de_sensitivity_analyses.R,outputs/differential_expression|outputs/final_sample_qc|docs/de_sensitivity_analysis_plan_v0.1.md,TRACKED_GIT,FALSE,FALSE,FALSE
ART-841aeeef60bf4afe,outputs/de_sensitivity/results/S4_de_results.csv,B,4678942,d0a2d7ec40e2c87bbe0e579352e8589643682b7879a277b06e401e657dc34166,analysis/07_de_sensitivity_analyses.R,outputs/differential_expression|outputs/final_sample_qc|docs/de_sensitivity_analysis_plan_v0.1.md,TRACKED_GIT,FALSE,FALSE,FALSE
ART-90bf9e02c6e49d49,outputs/de_sensitivity/results/S5_de_results.csv,B,4689627,5a9291167b534d0a00a42549758afaa0e73ff18708de0717dc8836c2e82e6847,analysis/07_de_sensitivity_analyses.R,outputs/differential_expression|outputs/final_sample_qc|docs/de_sensitivity_analysis_plan_v0.1.md,TRACKED_GIT,FALSE,FALSE,FALSE
ART-b1499591765f1f12,outputs/de_sensitivity/results/S6_de_results.csv,B,4678091,8eb79e7ed6e867e69ca3703335cb2aca6160b349057258293f0408ff0758b6b2,analysis/07_de_sensitivity_analyses.R,outputs/differential_expression|outputs/final_sample_qc|docs/de_sensitivity_analysis_plan_v0.1.md,TRACKED_GIT,FALSE,FALSE,FALSE
ART-7f10b007b9beb306,outputs/de_sensitivity/runtime_metrics.csv,B,1324,c905930795640f1bb3ada4d5650e18301f94de24dfee3cc3711f37ea1c6219b5,analysis/07_de_sensitivity_analyses.R,outputs/differential_expression|outputs/final_sample_qc|docs/de_sensitivity_analysis_plan_v0.1.md,TRACKED_GIT,FALSE,FALSE,FALSE
ART-d8b1f2155a7835ed,outputs/de_sensitivity/sensitivity_summary.md,B,5955,17fc7ed6011feae68900719339d9dcb143f1e76e2a0eb7353a8190ecf3d60e09,analysis/07_de_sensitivity_analyses.R,outputs/differential_expression|outputs/final_sample_qc|docs/de_sensitivity_analysis_plan_v0.1.md,TRACKED_GIT,FALSE,FALSE,FALSE
ART-6a5e330a446751dd,outputs/de_sensitivity/session_info.txt,B,2669,066cb700efbc34705a2db7e58f008708fe69376cb86217d00fde4c2574df29e6,analysis/07_de_sensitivity_analyses.R,outputs/differential_expression|outputs/final_sample_qc|docs/de_sensitivity_analysis_plan_v0.1.md,TRACKED_GIT,FALSE,FALSE,FALSE
ART-011642f3257f83ca,outputs/de_sensitivity/top_overlap_summary.csv,B,715,6e445ca9adb3c0512c5f497c0aae1ac1e40179f3527fc1a6ee9568bd17f8eb8d,analysis/07_de_sensitivity_analyses.R,outputs/differential_expression|outputs/final_sample_qc|docs/de_sensitivity_analysis_plan_v0.1.md,TRACKED_GIT,FALSE,FALSE,FALSE
ART-b05cb5e3c7f46009,outputs/differential_expression/contrast_matrix.csv,B,430,e7b957703f1e871f9da318080095b63f0b2e9d409e083f6fde7196c0204a8649,analysis/06_primary_differential_expression.R,outputs/final_sample_qc|external recount3 cached project files|docs/de_design_decision_v0.1.md,TRACKED_GIT,FALSE,FALSE,FALSE
ART-c2a47643b85623c9,outputs/differential_expression/de_threshold_summary.csv,B,608,f32f11ba0ed3f2825d7fa643448fd3a9bd8fc4e9a84574db660f73dcff783c1d,analysis/06_primary_differential_expression.R,outputs/final_sample_qc|external recount3 cached project files|docs/de_design_decision_v0.1.md,TRACKED_GIT,FALSE,FALSE,FALSE
ART-b79af8055d8c4640,outputs/differential_expression/design_matrix.csv,B,67437,54065adcf3e24d20eb9a729415f0fbc30c672b0b0d60c7258ff715c6bc9ed2b0,analysis/06_primary_differential_expression.R,outputs/final_sample_qc|external recount3 cached project files|docs/de_design_decision_v0.1.md,TRACKED_GIT,FALSE,FALSE,FALSE
ART-60808056867b1345,outputs/differential_expression/figures/md_plot.png,B,330617,d8a91a4fdcf0df27ae32c0eb12a047117c7c5e4c1edb27d7eed2ae39a4fb2c23,analysis/06_primary_differential_expression.R,outputs/final_sample_qc|external recount3 cached project files|docs/de_design_decision_v0.1.md,TRACKED_GIT,FALSE,FALSE,FALSE
ART-cf50526ae2418cdd,outputs/differential_expression/figures/plotSA.png,B,232770,a768c6298d251edb2db558843f7393bb562582f5929b072418bf0f112421f01c,analysis/06_primary_differential_expression.R,outputs/final_sample_qc|external recount3 cached project files|docs/de_design_decision_v0.1.md,TRACKED_GIT,FALSE,FALSE,FALSE
ART-1cbbf0369790a710,outputs/differential_expression/figures/pvalue_histogram.png,B,50692,4f92341cd5ecd05fcd0cf61ecc223c39391ab634e87d21017b89e92a6a5be2fa,analysis/06_primary_differential_expression.R,outputs/final_sample_qc|external recount3 cached project files|docs/de_design_decision_v0.1.md,TRACKED_GIT,FALSE,FALSE,FALSE
ART-5b4b9d9cdf8af15a,outputs/differential_expression/figures/residual_df_histogram.png,B,56637,7813b22ecb77bf17cdb316034902b11c0e71562eeb47992df24687c9861761ca,analysis/06_primary_differential_expression.R,outputs/final_sample_qc|external recount3 cached project files|docs/de_design_decision_v0.1.md,TRACKED_GIT,FALSE,FALSE,FALSE
ART-a51204c70e0bf7de,outputs/differential_expression/figures/volcano_plot.png,B,216869,1137a09c1c4c2ef020e55b1376c10efa11204a646548b619ba69684d8fcec1c4,analysis/06_primary_differential_expression.R,outputs/final_sample_qc|external recount3 cached project files|docs/de_design_decision_v0.1.md,TRACKED_GIT,FALSE,FALSE,FALSE
ART-e922d4050ca07837,outputs/differential_expression/figures/voom_mean_variance.png,B,263466,995fdbec233018aaddd10b2250c6c915e40ee245af9344a7127569185ebf0153,analysis/06_primary_differential_expression.R,outputs/final_sample_qc|external recount3 cached project files|docs/de_design_decision_v0.1.md,TRACKED_GIT,FALSE,FALSE,FALSE
ART-a567c1bc8490891d,outputs/differential_expression/primary_de_results.csv,B,5711047,ed6c73c08a92321dd1669fdd17f908760895d31034045a49bebb49f6706a4d40,analysis/06_primary_differential_expression.R,outputs/final_sample_qc|external recount3 cached project files|docs/de_design_decision_v0.1.md,TRACKED_GIT,FALSE,FALSE,FALSE
ART-6aade1d8fba75ad4,outputs/differential_expression/primary_de_summary.md,B,3107,aabc09e94b3bedbad5c0e8f3d94f734b37ca31f435c4ed02aa3f2054c56dbe5e,analysis/06_primary_differential_expression.R,outputs/final_sample_qc|external recount3 cached project files|docs/de_design_decision_v0.1.md,TRACKED_GIT,FALSE,FALSE,FALSE
ART-aee2b9998f5f2807,outputs/differential_expression/primary_model_diagnostics.csv,B,2161,88969ef68be01cbfccb6703db7a5d76f0f6a220d7ec84666a87354930adb1e86,analysis/06_primary_differential_expression.R,outputs/final_sample_qc|external recount3 cached project files|docs/de_design_decision_v0.1.md,TRACKED_GIT,FALSE,FALSE,FALSE
ART-adcef0f323c5c877,outputs/differential_expression/session_info.txt,B,2669,066cb700efbc34705a2db7e58f008708fe69376cb86217d00fde4c2574df29e6,analysis/06_primary_differential_expression.R,outputs/final_sample_qc|external recount3 cached project files|docs/de_design_decision_v0.1.md,TRACKED_GIT,FALSE,FALSE,FALSE
ART-b11f5bc2ab3c216b,outputs/differential_expression/top_de_genes.csv,B,19416,f14ca8656f3083f189147efa0688d30c03c3c6fba6d1da3b21b6aeb506a14fa6,analysis/06_primary_differential_expression.R,outputs/final_sample_qc|external recount3 cached project files|docs/de_design_decision_v0.1.md,TRACKED_GIT,FALSE,FALSE,FALSE
ART-b7a8a02b8bd150d6,outputs/evidence_acquisition/evidence_acquisition_framework.csv,B,13805,11bb1b0622bc00d208ea6c748290ef6baaaeaf3e882e9f4872e8e6b40a163a24,analysis/17_build_evidence_acquisition_framework.py,outputs/evidence_gap_analysis,TRACKED_GIT,FALSE,FALSE,FALSE
ART-4cae45fefbce4a10,outputs/evidence_acquisition/evidence_acquisition_qc.csv,B,759,1ff33932b2affe6c166af902414b9c60c49fd59442adadaa8628b0fae52ca7ee,analysis/17_build_evidence_acquisition_framework.py,outputs/evidence_gap_analysis,TRACKED_GIT,FALSE,FALSE,FALSE
ART-c3b4bde8a6a09559,outputs/evidence_acquisition/evidence_acquisition_summary.md,B,2405,e650ff0b84c9bc8f89f2ce24f1adc2fcf61a75a0ea26c750371cc4b5409f44ae,analysis/17_build_evidence_acquisition_framework.py,outputs/evidence_gap_analysis,TRACKED_GIT,FALSE,FALSE,FALSE
ART-cd960987e23317b4,outputs/evidence_acquisition/session_info.txt,B,2050,7b5b978399151dd9d916aba46dba1c8734491481279a17e86aa6ca064dc5224e,analysis/17_build_evidence_acquisition_framework.py,outputs/evidence_gap_analysis,TRACKED_GIT,FALSE,FALSE,FALSE
ART-345a9ef350a5c886,outputs/evidence_claim_architecture/claim_architecture_summary.md,B,3779,d0698cbe5929fdf5959f846ee8bad1e07bba5188e03a06b045e876f44b075ab2,analysis/14_build_evidence_claim_architecture.py,outputs/integrated_registry|outputs/evidence_ontology,TRACKED_GIT,FALSE,FALSE,FALSE
ART-63186108b6d16a8c,outputs/evidence_claim_architecture/evidence_claim_registry.csv,B,37095973,0d963a4c5c8f9586f81369e33df0a2b7e57bb37ac8ceab4ce54498baf2351a66,analysis/14_build_evidence_claim_architecture.py,outputs/integrated_registry|outputs/evidence_ontology,TRACKED_GIT,FALSE,FALSE,FALSE
ART-3c367053d0cae63d,outputs/evidence_claim_architecture/evidence_dependency_graph.csv,B,19130773,011839f10c48e197f9f1c0e2262565e562d3a2cf53dd0936f21ddcb4ed5c2256,analysis/14_build_evidence_claim_architecture.py,outputs/integrated_registry|outputs/evidence_ontology,TRACKED_GIT,FALSE,FALSE,FALSE
ART-99ccf6f18fe87946,outputs/evidence_claim_architecture/evidence_record_registry.csv,D,139836748,76ec5056fb4e468176073073532204d231765d4f0cd70dbb6cfe4ad8bf752343,analysis/14_build_evidence_claim_architecture.py,outputs/integrated_registry|outputs/evidence_ontology,IGNORED_NOT_TRACKED,TRUE,TRUE,TRUE
ART-33d1bd6fc6d67a12,outputs/evidence_claim_architecture/missingness_uncertainty_registry.csv,D,52066346,3bbe080b1ed46dd159a86b53fb707572f988361af96e001188b69da0daa9147d,analysis/14_build_evidence_claim_architecture.py,outputs/integrated_registry|outputs/evidence_ontology,TRACKED_GIT,FALSE,TRUE,FALSE
ART-82f316ef82a51d08,outputs/evidence_claim_architecture/session_info.txt,B,3683,a0904cfea98c9520ccaea9e3e890d3202436625c4fdc4f4c9ba14f6f66b30030,analysis/14_build_evidence_claim_architecture.py,outputs/integrated_registry|outputs/evidence_ontology,TRACKED_GIT,FALSE,FALSE,FALSE
ART-7b6b18d1482ddc8d,outputs/evidence_claim_architecture/source_entity_registry.csv,B,2897,1b1379066226b5f69b626fe4a97628f7b6da6e585515aa8609218eef65bf8056,analysis/14_build_evidence_claim_architecture.py,outputs/integrated_registry|outputs/evidence_ontology,TRACKED_GIT,FALSE,FALSE,FALSE
ART-b24b6aa21e2709a1,outputs/evidence_gap_analysis/evidence_gap_category_counts.csv,B,3115,03357115a1237c87921415221e1e3876462eb771f1c4950c9056ad2c3a27ad6b,analysis/16_build_evidence_gap_analysis.py,outputs/integrated_registry|outputs/evidence_claim_architecture|docs/target_prioritization_framework_v0.1.md,TRACKED_GIT,FALSE,FALSE,FALSE
ART-873af71d5bf42fc8,outputs/evidence_gap_analysis/evidence_gap_registry.csv,B,17673647,3e509ef36d57c553a36e36429a42955c02c0eef209cf2d77b0adbd2d217c60f6,analysis/16_build_evidence_gap_analysis.py,outputs/integrated_registry|outputs/evidence_claim_architecture|docs/target_prioritization_framework_v0.1.md,TRACKED_GIT,FALSE,FALSE,FALSE
ART-69e24f9beb828632,outputs/evidence_gap_analysis/evidence_gap_summary.md,B,3658,b779986769ab1aa08cb536330b959fe0761d60ff1755b6ef592a0f7fc377d5f4,analysis/16_build_evidence_gap_analysis.py,outputs/integrated_registry|outputs/evidence_claim_architecture|docs/target_prioritization_framework_v0.1.md,TRACKED_GIT,FALSE,FALSE,FALSE
ART-7b7de451498f1d6e,outputs/evidence_gap_analysis/session_info.txt,B,3941,71df0b77d97fa49bc0e6e3262546121cc34493134f5242ae03dddfba81bd2fcd,analysis/16_build_evidence_gap_analysis.py,outputs/integrated_registry|outputs/evidence_claim_architecture|docs/target_prioritization_framework_v0.1.md,TRACKED_GIT,FALSE,FALSE,FALSE
ART-bdf1c9e2031f5f30,outputs/evidence_gap_analysis/validation_strategy_matrix.csv,B,4619,6f915616019265583103cee945d0ccfcc1328628e374f989ff8b74bf0e93d981,analysis/16_build_evidence_gap_analysis.py,outputs/integrated_registry|outputs/evidence_claim_architecture|docs/target_prioritization_framework_v0.1.md,TRACKED_GIT,FALSE,FALSE,FALSE
ART-6af7ea0c4f8b8ceb,outputs/evidence_layer/evidence_qc.csv,B,1739,65991a542518d1d432cb53797fe759e61fe5d0b5e4dda5afc81044221dc6d9f1,analysis/10_build_evidence_layer.py,outputs/identifier_normalization/identifier_mapping.csv|official external API snapshots,TRACKED_GIT,FALSE,FALSE,FALSE
ART-8b4fb19723dd7e57,outputs/evidence_layer/evidence_registry.csv,B,14994864,13b6db140c920a60ae3f827ac9df4c4e08916472aa8daafb349acd3a60192405,analysis/10_build_evidence_layer.py,outputs/identifier_normalization/identifier_mapping.csv|official external API snapshots,TRACKED_GIT,FALSE,FALSE,FALSE
ART-8ead89bddcbe865c,outputs/evidence_layer/evidence_summary.md,B,2427,5dbf8bd8c5c5aeea516f88bfc693dd1e30642288686e33ba468b03bb940c2226,analysis/10_build_evidence_layer.py,outputs/identifier_normalization/identifier_mapping.csv|official external API snapshots,TRACKED_GIT,FALSE,FALSE,FALSE
ART-d7e4e9d66e9c3c51,outputs/evidence_layer/session_info.txt,B,4927,2e1331f88685c5686e7e1f9dbf13e5f741ae46a8c460d1da8af596ef85c08d5c,analysis/10_build_evidence_layer.py,outputs/identifier_normalization/identifier_mapping.csv|official external API snapshots,TRACKED_GIT,FALSE,FALSE,FALSE
ART-4d17aa717efa8679,outputs/evidence_ontology/evidence_domain_registry.csv,B,4995,ee62ce66f2ca4726c9365da347198251b9bd77d2dead87b8409221505f2d03b8,analysis/13_build_evidence_ontology.py,outputs/integrated_registry|Task #013 ontology definitions,TRACKED_GIT,FALSE,FALSE,FALSE
ART-5f888f2d5e993a9f,outputs/evidence_ontology/evidence_independence_map.csv,B,8820,d99bbaa8fe5e6229774ac2bf73d84de8fbd367e585d692eb1273ecc7b5c53945,analysis/13_build_evidence_ontology.py,outputs/integrated_registry|Task #013 ontology definitions,TRACKED_GIT,FALSE,FALSE,FALSE
ART-ffff054f686cb817,outputs/evidence_ontology/evidence_ontology_summary.md,B,4819,ffaa47921a4e15d8f814582bfa30add1dbedbf7d987afb2bb81d5072bddf195b,analysis/13_build_evidence_ontology.py,outputs/integrated_registry|Task #013 ontology definitions,TRACKED_GIT,FALSE,FALSE,FALSE
ART-08542d5135f183a8,outputs/evidence_ontology/evidence_source_lineage.csv,B,2691,e9496e8bbf953fdffdbaed7e09936a8493230fc74939597537f8960fabf19f2c,analysis/13_build_evidence_ontology.py,outputs/integrated_registry|Task #013 ontology definitions,TRACKED_GIT,FALSE,FALSE,FALSE
ART-8743d3d13fc3245c,outputs/evidence_ontology/session_info.txt,B,2702,938d2b0867404ccb67f8ed2540309ff4335b7ada0628c7a70c81b98be3498516,analysis/13_build_evidence_ontology.py,outputs/integrated_registry|Task #013 ontology definitions,TRACKED_GIT,FALSE,FALSE,FALSE
ART-0ceda592ce880e46,outputs/final_sample_qc/batch_by_tss.csv,B,5780,72c0830f9a66da0f4ae8078b5b847884171e3deeb61b9013beaaf225ef77dc87,analysis/05_final_cohort_qc.R,outputs/replicate_ffpe_audit|outputs/sample_qc|external recount3 cached project files,TRACKED_GIT,FALSE,FALSE,FALSE
ART-da0216e0b6daedaa,outputs/final_sample_qc/case_pairing_summary.csv,B,248,d50ed687ecc6053082faa19c5ac7bacd77686e408fb0d2cba56690d099ff80e3,analysis/05_final_cohort_qc.R,outputs/replicate_ffpe_audit|outputs/sample_qc|external recount3 cached project files,TRACKED_GIT,FALSE,FALSE,FALSE
ART-2e774088578ecf0e,outputs/final_sample_qc/design_diagnostics.csv,B,3957,e59ee814d8fb314edec01c4c06db59d47a0866c97b0925d22435dd881d952cee,analysis/05_final_cohort_qc.R,outputs/replicate_ffpe_audit|outputs/sample_qc|external recount3 cached project files,TRACKED_GIT,FALSE,FALSE,FALSE
ART-24c8aea2a816948c,outputs/final_sample_qc/exclusion_audit.csv,B,9392,99606b331af073482fa97f0de3ccdfb7facc61c485cde6fd7a9c76a4bb49fc5d,analysis/05_final_cohort_qc.R,outputs/replicate_ffpe_audit|outputs/sample_qc|external recount3 cached project files,TRACKED_GIT,FALSE,FALSE,FALSE
ART-ad9caa39e0013150,outputs/final_sample_qc/ffpe_cluster_assessment.csv,B,644,f4e14debabcd6a00175a129a08def5f9d363178abbad522e9adefe1d133bd915,analysis/05_final_cohort_qc.R,outputs/replicate_ffpe_audit|outputs/sample_qc|external recount3 cached project files,TRACKED_GIT,FALSE,FALSE,FALSE
ART-911538b3c456da5c,outputs/final_sample_qc/figures/library_size_diagnostic.png,B,54179,70c88146dc00cc2c67b3ddf8f1c4b476063c28eb7c38a9c457892975c3d00909,analysis/05_final_cohort_qc.R,outputs/replicate_ffpe_audit|outputs/sample_qc|external recount3 cached project files,TRACKED_GIT,FALSE,FALSE,FALSE
ART-c82b9b39a93ce20b,outputs/final_sample_qc/figures/mds_by_group.png,B,137686,392b0b64d732c49d4add2cf73e699a8d9e8784692d93d600ff446592b427ef7c,analysis/05_final_cohort_qc.R,outputs/replicate_ffpe_audit|outputs/sample_qc|external recount3 cached project files,TRACKED_GIT,FALSE,FALSE,FALSE
ART-c3ff151a8c071725,outputs/final_sample_qc/figures/pc2_vs_rle_christiana.png,B,183674,fb8ccdc251bf69f58e259d340bbfb722d2bdb32bbe1ec8f0b4e6a619d9bf0e86,analysis/05_final_cohort_qc.R,outputs/replicate_ffpe_audit|outputs/sample_qc|external recount3 cached project files,TRACKED_GIT,FALSE,FALSE,FALSE
ART-35f897c52724479a,outputs/final_sample_qc/figures/pc2_vs_rle_prior_ffpe_cases.png,B,181352,0bd29aaa50aefa7aa34e1847db0d248333a2efe641d8fbf67d6139af5d506917,analysis/05_final_cohort_qc.R,outputs/replicate_ffpe_audit|outputs/sample_qc|external recount3 cached project files,TRACKED_GIT,FALSE,FALSE,FALSE
ART-bd2c9578402fca5b,outputs/final_sample_qc/figures/pca_christiana_highlight.png,B,192522,1af0cfbd7bbee09a294e570b76f0b0d1fe9cc3e0cacceed59bfb9c06225f576e,analysis/05_final_cohort_qc.R,outputs/replicate_ffpe_audit|outputs/sample_qc|external recount3 cached project files,TRACKED_GIT,FALSE,FALSE,FALSE
ART-60fa5a84b5bc6d12,outputs/final_sample_qc/figures/pca_logcpm_by_group.png,B,135276,4a6d4ac925897cc87854a3324d1c2df722f43d1049865a0e2efc631a2cb28c12,analysis/05_final_cohort_qc.R,outputs/replicate_ffpe_audit|outputs/sample_qc|external recount3 cached project files,TRACKED_GIT,FALSE,FALSE,FALSE
ART-dc58647af25e60ca,outputs/final_sample_qc/figures/pca_prior_ffpe_cases_highlight.png,B,191754,bff697bf908e858877f5c34d5cbc178640eda087a4b4ee1f0827bb12534d01a8,analysis/05_final_cohort_qc.R,outputs/replicate_ffpe_audit|outputs/sample_qc|external recount3 cached project files,TRACKED_GIT,FALSE,FALSE,FALSE
ART-f7ba4c4a80ee42c6,outputs/final_sample_qc/figures/rle_sample_summary.png,B,82778,0809b343f9be25a54f8213e4295c5e99612af35f2dedb9a8f39492c8f81c98dd,analysis/05_final_cohort_qc.R,outputs/replicate_ffpe_audit|outputs/sample_qc|external recount3 cached project files,TRACKED_GIT,FALSE,FALSE,FALSE
ART-aada38cd547d1d61,outputs/final_sample_qc/figures/tmm_normalization_factor_diagnostic.png,B,55394,88c5f27b5aa7ef6701468c1ee785c61ae20133435caace2cd7f9e8dea6f6fc16,analysis/05_final_cohort_qc.R,outputs/replicate_ffpe_audit|outputs/sample_qc|external recount3 cached project files,TRACKED_GIT,FALSE,FALSE,FALSE
ART-9f2d8127f281ba87,outputs/final_sample_qc/final_cohort_ledger.csv,B,404610,b746c49025f886d4cb4bdd6d9a492ae4a9a5e9af021c8b5254c778e2a9ff8a91,analysis/05_final_cohort_qc.R,outputs/replicate_ffpe_audit|outputs/sample_qc|external recount3 cached project files,TRACKED_GIT,FALSE,FALSE,FALSE
ART-24bf3f5e3bb800f2,outputs/final_sample_qc/final_sample_qc_summary.md,B,5294,a5c18361788c8bf73135323fbd364d4700235b4b51b9ee146d54b75d61480de6,analysis/05_final_cohort_qc.R,outputs/replicate_ffpe_audit|outputs/sample_qc|external recount3 cached project files,TRACKED_GIT,FALSE,FALSE,FALSE
ART-4ba32505e6797c23,outputs/final_sample_qc/gene_filter_status.csv,B,3419677,4bd58e1ee961403f85dbaede723a1316a0f53bddda13b6d398acab72b84baf51,analysis/05_final_cohort_qc.R,outputs/replicate_ffpe_audit|outputs/sample_qc|external recount3 cached project files,TRACKED_GIT,FALSE,FALSE,FALSE
ART-1f54a5cd8f66deb0,outputs/final_sample_qc/sample_qc_metrics.csv,B,235498,271e8032486d8e76688c66b1600937b95a80fe8c9c5ba2e6ae04cc994fa2beb4,analysis/05_final_cohort_qc.R,outputs/replicate_ffpe_audit|outputs/sample_qc|external recount3 cached project files,TRACKED_GIT,FALSE,FALSE,FALSE
ART-e5f05b5be422a230,outputs/final_sample_qc/sample_type_by_batch.csv,B,714,ad8ba898704469e48edb5ee98a5df147e38f3cb2fa5d22c8638846f11a86e686,analysis/05_final_cohort_qc.R,outputs/replicate_ffpe_audit|outputs/sample_qc|external recount3 cached project files,TRACKED_GIT,FALSE,FALSE,FALSE
ART-964c224d4efba859,outputs/final_sample_qc/sample_type_by_tss.csv,B,1996,e621834eb576de80d485ab33015640dac671c624c88b99961188e077315c2f3d,analysis/05_final_cohort_qc.R,outputs/replicate_ffpe_audit|outputs/sample_qc|external recount3 cached project files,TRACKED_GIT,FALSE,FALSE,FALSE
ART-463ce97103cc3e33,outputs/final_sample_qc/technical_duplicate_resolution.csv,B,2970,7159affa7ed55654732b3c147f4b52c29a2217cef2fb7dc20df9187c9eb8cb39,analysis/05_final_cohort_qc.R,outputs/replicate_ffpe_audit|outputs/sample_qc|external recount3 cached project files,TRACKED_GIT,FALSE,FALSE,FALSE
ART-bd3d82549288e00c,outputs/identifier_normalization/identifier_mapping.csv,B,13194062,ff50b9cc50006710e681bd0d0f21fa3790becc3cd20a476dbbb6ac5459c1594e,analysis/09_identifier_normalization.py,outputs/candidate_registry/candidate_registry.csv|external identifier source files,TRACKED_GIT,FALSE,FALSE,FALSE
ART-bbbbd56efeee7bbb,outputs/identifier_normalization/mapping_qc.csv,B,3630,b64917f9bbe0cf3d752b3056594c2d5f8dc4940ea1c0b4e938498d800ce2fcd0,analysis/09_identifier_normalization.py,outputs/candidate_registry/candidate_registry.csv|external identifier source files,TRACKED_GIT,FALSE,FALSE,FALSE
ART-54f43a9460c4f419,outputs/identifier_normalization/mapping_summary.md,B,2582,b8948a8064c2433c9169b08acd779418cb4bf668aa57a2a5661695d150dc2298,analysis/09_identifier_normalization.py,outputs/candidate_registry/candidate_registry.csv|external identifier source files,TRACKED_GIT,FALSE,FALSE,FALSE
ART-bfa34f4e208ef5c8,outputs/identifier_normalization/session_info.txt,B,2649,b3dd38f7cf6bec67759dfe3385a4c06fc9e071a383251ca5d43a0290e475dca7,analysis/09_identifier_normalization.py,outputs/candidate_registry/candidate_registry.csv|external identifier source files,TRACKED_GIT,FALSE,FALSE,FALSE
ART-dc29bb8a884fb995,outputs/integrated_registry/integrated_registry_qc.csv,B,11651,8f838057578785ec85b3b570b4e4d177742f513d20843af322e30380511067c2,analysis/12_build_integrated_registry.py,outputs/candidate_registry|outputs/identifier_normalization|outputs/evidence_layer|outputs/tractability_safety,TRACKED_GIT,FALSE,FALSE,FALSE
ART-cda9cde5fa38d75b,outputs/integrated_registry/integrated_registry_summary.md,B,2933,3eccf5643712421eb8cef543613f28cf81bb4f57aad3f7cc5f15e3ba3b5aef92,analysis/12_build_integrated_registry.py,outputs/candidate_registry|outputs/identifier_normalization|outputs/evidence_layer|outputs/tractability_safety,TRACKED_GIT,FALSE,FALSE,FALSE
ART-ba544376134f294c,outputs/integrated_registry/integrated_target_registry.csv,D,60222492,0587fc6901267b18c8144644571f89ac2cc46053b57ea5def4093795fdbc4c26,analysis/12_build_integrated_registry.py,outputs/candidate_registry|outputs/identifier_normalization|outputs/evidence_layer|outputs/tractability_safety,TRACKED_GIT,FALSE,TRUE,FALSE
ART-cbe39e97b7f4910a,outputs/integrated_registry/session_info.txt,B,2322,76bd117ccb290b9fff1415232b8dc4b16cfce3a0fa5c2af21623bba7479c42ad,analysis/12_build_integrated_registry.py,outputs/candidate_registry|outputs/identifier_normalization|outputs/evidence_layer|outputs/tractability_safety,TRACKED_GIT,FALSE,FALSE,FALSE
ART-cb8efe037c92f2c2,outputs/reconnaissance/key_metadata_summary.csv,B,2093,58c99022048543ad4e8e7384ac59e99639d8c7fff3941183e317b3c8c50a32b7,analysis/01_tcga_luad_reconnaissance.R,external recount3 TCGA-LUAD gencode_v26 project files,TRACKED_GIT,FALSE,FALSE,FALSE
ART-2f8c4679812d1b35,outputs/reconnaissance/project_record.csv,B,471,9f40aee081de380c9e00f4b76a720ac4729124f7fc1c750f6a104a56ecc2cf5b,analysis/01_tcga_luad_reconnaissance.R,external recount3 TCGA-LUAD gencode_v26 project files,TRACKED_GIT,FALSE,FALSE,FALSE
ART-122eeefea3ae8fc2,outputs/reconnaissance/reconnaissance_summary.md,B,47673,cbbaed8a22ab6c96a0daa5e31273e5aa19231cf6899455ced9fc5e55c9b33bf1,analysis/01_tcga_luad_reconnaissance.R,external recount3 TCGA-LUAD gencode_v26 project files,TRACKED_GIT,FALSE,FALSE,FALSE
ART-8ba2a1f1e66a5df1,outputs/reconnaissance/sample_type_counts.csv,B,233,626255637b6c69fa31a49a50e80cfe0de0ed67f38089bd2932b66804e55d2b7c,analysis/01_tcga_luad_reconnaissance.R,external recount3 TCGA-LUAD gencode_v26 project files,TRACKED_GIT,FALSE,FALSE,FALSE
ART-19dfe1a7a9c88b3f,outputs/replicate_ffpe_audit/a278_aliquot_audit.csv,B,16178,bc59a8bad68c574acb823f37282d2bd04c24a650285eecec0bc20be3fa0b737d,analysis/04_tcga_replicate_ffpe_audit.R,outputs/sample_qc|external recount3 cached project files|documented TCGA annotations,TRACKED_GIT,FALSE,FALSE,FALSE
ART-1dc90a31b47b6848,outputs/replicate_ffpe_audit/barcode_parser_validation.csv,B,1114,acc092e74fe95937ceb33435c6f4d7cd98303d232530670aaf127fedc1b5f7a2,analysis/04_tcga_replicate_ffpe_audit.R,outputs/sample_qc|external recount3 cached project files|documented TCGA annotations,TRACKED_GIT,FALSE,FALSE,FALSE
ART-b4650d4da2554bc8,outputs/replicate_ffpe_audit/canonical_non_ffpe_scenario.csv,B,1300,ef673293750c21649972c33ab81bc653e9690e0a5b027ebc4a58c6f5c03b3734,analysis/04_tcga_replicate_ffpe_audit.R,outputs/sample_qc|external recount3 cached project files|documented TCGA annotations,TRACKED_GIT,FALSE,FALSE,FALSE
ART-24ee75ed3182240f,outputs/replicate_ffpe_audit/christiana_ffpe_comparison.csv,B,39307,8a983b7d3e37c8fd52e5582eb6805b47aa73b237b7f6abf8a845f95a740fc5df,analysis/04_tcga_replicate_ffpe_audit.R,outputs/sample_qc|external recount3 cached project files|documented TCGA annotations,TRACKED_GIT,FALSE,FALSE,FALSE
ART-54c362e5d0f4023f,outputs/replicate_ffpe_audit/coldata_field_inventory.csv,B,102648,f61ff18727905887902c6279199ecf45a79737ada2588ddd0091c1bb832471c8,analysis/04_tcga_replicate_ffpe_audit.R,outputs/sample_qc|external recount3 cached project files|documented TCGA annotations,TRACKED_GIT,FALSE,FALSE,FALSE
ART-614668d53a96bf42,outputs/replicate_ffpe_audit/evidence_sources.csv,B,947,c28d7531d72481970bf2774a1c8d8e17c0da559b357d7ce5c89464f64008185c,analysis/04_tcga_replicate_ffpe_audit.R,outputs/sample_qc|external recount3 cached project files|documented TCGA annotations,TRACKED_GIT,FALSE,FALSE,FALSE
ART-daa1fdfe39e11b96,outputs/replicate_ffpe_audit/metadata_concept_availability.csv,B,13935,39482188c61853c43066f140de25ea1448a8bbf90557f32a40c5b98ec9a36f5d,analysis/04_tcga_replicate_ffpe_audit.R,outputs/sample_qc|external recount3 cached project files|documented TCGA annotations,TRACKED_GIT,FALSE,FALSE,FALSE
ART-32025659ab2039e6,outputs/replicate_ffpe_audit/repeat_structure_summary.csv,B,540,92f10ed7c51fa84591a79eff2007d43a3d8b57774e1d3b5fad8fb6cacde12ee4,analysis/04_tcga_replicate_ffpe_audit.R,outputs/sample_qc|external recount3 cached project files|documented TCGA annotations,TRACKED_GIT,FALSE,FALSE,FALSE
ART-5714102bf1e032cc,outputs/replicate_ffpe_audit/repeated_sample_decision_table.csv,B,39252,b847b8b88e442db9b4caaa4383749a1f7992ff94b53e18ec75f03b7d6f1dde34,analysis/04_tcga_replicate_ffpe_audit.R,outputs/sample_qc|external recount3 cached project files|documented TCGA annotations,TRACKED_GIT,FALSE,FALSE,FALSE
ART-89bccfe8d506abe5,outputs/replicate_ffpe_audit/replicate_ffpe_audit_summary.md,B,7503,21dcbedc6e6f5a4816d00d9a4121b4bddb2fe78a179d5159eb6bdd2d6c833a2c,analysis/04_tcga_replicate_ffpe_audit.R,outputs/sample_qc|external recount3 cached project files|documented TCGA annotations,TRACKED_GIT,FALSE,FALSE,FALSE
ART-c1d25e8bae0c3e3e,outputs/replicate_ffpe_audit/replicate_pairwise_qc.csv,B,10737,b4b124f51dfb13dcadc288e84bd6434bea06ed75a95e2124d73bcf233df6fa40,analysis/04_tcga_replicate_ffpe_audit.R,outputs/sample_qc|external recount3 cached project files|documented TCGA annotations,TRACKED_GIT,FALSE,FALSE,FALSE
ART-88549d3b9d9266bf,outputs/replicate_ffpe_audit/rna_biospecimen_hierarchy_ledger.csv,B,565326,78b21a66cb249df6a8b414cd35bba3971bbfc2628caa55058188ad6589d3e11b,analysis/04_tcga_replicate_ffpe_audit.R,outputs/sample_qc|external recount3 cached project files|documented TCGA annotations,TRACKED_GIT,FALSE,FALSE,FALSE
ART-ad8f07ebd9f1f94a,outputs/sample_qc/batch_by_tss_samplelevel.csv,B,5785,4ce0a889e30ec0b03ff33a5c7b53a553f6da3183ec8e39c02fe4225b8b99dc5b,analysis/03_sample_level_qc.R,outputs/cohort_diagnostics|external recount3 cached project files,TRACKED_GIT,FALSE,FALSE,FALSE
ART-9e124d2cb60a74b4,outputs/sample_qc/design_diagnostics.csv,B,625,8aacda3715c8fd1b231b596fdd65e42a33b69b266ae7dcbaf630c03cbd1602b4,analysis/03_sample_level_qc.R,outputs/cohort_diagnostics|external recount3 cached project files,TRACKED_GIT,FALSE,FALSE,FALSE
ART-1cdd6aaa4e9cbcbe,outputs/sample_qc/figures/library_size_diagnostic.png,B,57503,4739c11157b52a45e73d741bf49cb960204f0c85d62903f14e853e3c689e6109,analysis/03_sample_level_qc.R,outputs/cohort_diagnostics|external recount3 cached project files,TRACKED_GIT,FALSE,FALSE,FALSE
ART-71ce913125983341,outputs/sample_qc/figures/mds_by_group.png,B,139566,539d6b6fba32884cbde037a92e24184ec73ae6c9f902683fedb13b4e81533b98,analysis/03_sample_level_qc.R,outputs/cohort_diagnostics|external recount3 cached project files,TRACKED_GIT,FALSE,FALSE,FALSE
ART-e5f7cfc48f7d2fa1,outputs/sample_qc/figures/pca_logcpm_by_group.png,B,114729,c7a01ab08fc1e7d13ed76b7217682086db3a0593dd88420c606f020be04736c7,analysis/03_sample_level_qc.R,outputs/cohort_diagnostics|external recount3 cached project files,TRACKED_GIT,FALSE,FALSE,FALSE
ART-179debdc314b33f6,outputs/sample_qc/figures/rle_sample_summary.png,B,76610,f8a71f4680d4d92509455ae7048221d1adc6d545705d47ecd61dbbb5c99f8a5c,analysis/03_sample_level_qc.R,outputs/cohort_diagnostics|external recount3 cached project files,TRACKED_GIT,FALSE,FALSE,FALSE
ART-521ff4c523ea2f13,outputs/sample_qc/figures/tmm_normalization_factor_diagnostic.png,B,54131,a71d7eed609e8fdbd0fc0bbe6adb50475f1ed494d5e39c1d57458d2768f88ee9,analysis/03_sample_level_qc.R,outputs/cohort_diagnostics|external recount3 cached project files,TRACKED_GIT,FALSE,FALSE,FALSE
ART-1fd55e16f0e21299,outputs/sample_qc/gene_filter_status.csv,B,3419356,705595b23220ff5cdd03562684556bb88cc97f87db029b2b8dbdc2925772447c,analysis/03_sample_level_qc.R,outputs/cohort_diagnostics|external recount3 cached project files,TRACKED_GIT,FALSE,FALSE,FALSE
ART-09781bef757df49a,outputs/sample_qc/matched_case_description.csv,B,3762,0880e7379bc885578f2bf29fc49fcf72dd84dd8bb8909dcf86c02c448bb67820,analysis/03_sample_level_qc.R,outputs/cohort_diagnostics|external recount3 cached project files,TRACKED_GIT,FALSE,FALSE,FALSE
ART-b5ed739e215da249,outputs/sample_qc/sample_level_metadata.csv,B,156664,301e3f200c645e3b46c89499bbb67fa77a5972c6cd4f82046c7efda6c2271f8f,analysis/03_sample_level_qc.R,outputs/cohort_diagnostics|external recount3 cached project files,TRACKED_GIT,FALSE,FALSE,FALSE
ART-61a70c68611f0243,outputs/sample_qc/sample_qc_metrics.csv,B,229798,771e64edb44dce0b05f8c392ac8c9942d9f41b8e499c965f3058d334565a0ad2,analysis/03_sample_level_qc.R,outputs/cohort_diagnostics|external recount3 cached project files,TRACKED_GIT,FALSE,FALSE,FALSE
ART-b947e5ae8426a7d5,outputs/sample_qc/sample_qc_summary.md,B,7451,a4f4835531e5fd499842a41a9413e1156eeb6a78a5bda6868233d87ef1029cc0,analysis/03_sample_level_qc.R,outputs/cohort_diagnostics|external recount3 cached project files,TRACKED_GIT,FALSE,FALSE,FALSE
ART-33eab5fd46316685,outputs/sample_qc/sample_type_by_batch_samplelevel.csv,B,714,393353d6d269c179fd6c63fe6770d6a557a8c4548a3f41a4549b1735f44c7e44,analysis/03_sample_level_qc.R,outputs/cohort_diagnostics|external recount3 cached project files,TRACKED_GIT,FALSE,FALSE,FALSE
ART-47ff0b867969d4ed,outputs/sample_qc/sample_type_by_tss_samplelevel.csv,B,1996,447345228ea2ffba608756802d71a375c9688697f5dd79d03d789d17b6e04e2f,analysis/03_sample_level_qc.R,outputs/cohort_diagnostics|external recount3 cached project files,TRACKED_GIT,FALSE,FALSE,FALSE
ART-5c8eec776f21ad07,outputs/sample_qc/structure_association_summary.csv,B,627,d7c9ecafb4a7301d743eacd3a40c69aa55b5199e8f767055991be80f117cbdcb,analysis/03_sample_level_qc.R,outputs/cohort_diagnostics|external recount3 cached project files,TRACKED_GIT,FALSE,FALSE,FALSE
ART-633f55dd2813812d,outputs/sample_qc/technical_aggregation_audit.csv,B,275774,5b1591e3cac3d6b12e569b28f7abe88ea17d7a7226bf6dde97e31b19a36fa9a9,analysis/03_sample_level_qc.R,outputs/cohort_diagnostics|external recount3 cached project files,TRACKED_GIT,FALSE,FALSE,FALSE
ART-5db801364ec082c7,outputs/tractability_safety/open_targets_schema_snapshot.json,C,1102,ee22cd2df57c7478205303425e8e2dda29d698ec9e077e5a352b51f2d50ce371,analysis/11_build_tractability_safety_layer.py,outputs/identifier_normalization/identifier_mapping.csv|outputs/evidence_layer|official external API snapshots,TRACKED_GIT,FALSE,FALSE,FALSE
ART-c9cbff29ba0d8b6e,outputs/tractability_safety/safety_liabilities.csv,B,13068166,1974c890f1413b6b4d1889716695edde26b9474f5bb3f9499af222fe1b2bc638,analysis/11_build_tractability_safety_layer.py,outputs/identifier_normalization/identifier_mapping.csv|outputs/evidence_layer|official external API snapshots,TRACKED_GIT,FALSE,FALSE,FALSE
ART-bd67d111e04d90b3,outputs/tractability_safety/session_info.txt,B,11199,42dbc95841511b0f518617c3d4654d835ae6cc97a4b4495cecd16f8ed04a00d5,analysis/11_build_tractability_safety_layer.py,outputs/identifier_normalization/identifier_mapping.csv|outputs/evidence_layer|official external API snapshots,TRACKED_GIT,FALSE,FALSE,FALSE
ART-8a15dc20d1dd3387,outputs/tractability_safety/tractability_assessments.csv,D,73386249,3de4af7039fdfc12be9abdb3e80264bf54ff7d0413c4640a67a95b3d7f0dafd3,analysis/11_build_tractability_safety_layer.py,outputs/identifier_normalization/identifier_mapping.csv|outputs/evidence_layer|official external API snapshots,TRACKED_GIT,FALSE,TRUE,FALSE
ART-0ca8876fc1e039f3,outputs/tractability_safety/tractability_safety_qc.csv,B,7785,29c3abeb53d55519700cce5557ccd18fdc33d583d3ad5263bfd51a1b7758706d,analysis/11_build_tractability_safety_layer.py,outputs/identifier_normalization/identifier_mapping.csv|outputs/evidence_layer|official external API snapshots,TRACKED_GIT,FALSE,FALSE,FALSE
ART-6a932675c2da4030,outputs/tractability_safety/tractability_safety_registry.csv,B,7777653,83d085383c60ecc68815ad02c12ae74ef52e67a45501880581bc53276b658f84,analysis/11_build_tractability_safety_layer.py,outputs/identifier_normalization/identifier_mapping.csv|outputs/evidence_layer|official external API snapshots,TRACKED_GIT,FALSE,FALSE,FALSE
ART-27d061a92fae03ca,outputs/tractability_safety/tractability_safety_summary.md,B,3391,caad3ae0d4cf5e4f8d95208968dcae8e3a9a8562aace67b59ea30959db518dde,analysis/11_build_tractability_safety_layer.py,outputs/identifier_normalization/identifier_mapping.csv|outputs/evidence_layer|official external API snapshots,TRACKED_GIT,FALSE,FALSE,FALSE
