evidence_family_id,EnsemblID,family_name,family_type,source_tasks,member_evidence_ids,member_source_rows,governed_evidence_record_count,source_row_count,evidence_domains,evidence_statuses,dataset_lineages,publication_lineages,model_lineages,dependency_boundary,family_status,provenance_references
FAM_PROJECT_TCGA_EXPRESSION,ENSG00000099953.9,Project TCGA-LUAD expression and prespecified sensitivity lineage,PROJECT_TCGA_EXPRESSION,TASK039A,REC_1FDB3CAEC78761B6CDAC13A2|REC_0EECFF585907F97C3C1A314E,S0_PRIMARY|S1|S2|S3|S4|S5|S6,2,7,PROJECT_TRANSCRIPTOMICS,OBSERVED,TCGA-LUAD,NOT_APPLICABLE,S0_PRIMARY|S1|S2|S3|S4|S5|S6,"S1-S6 test robustness of the same TCGA-LUAD biological dataset and are not independent replication; downstream representations are derived, not new evidence.",LINEAGE_GROUP_DEFINED,outputs/mmp11_internal_evidence_v0.1/mmp11_transcriptomic_evidence.csv|outputs/mmp11_internal_evidence_v0.1/mmp11_sensitivity_evidence.csv|outputs/mmp11_internal_evidence_v0.1/mmp11_provenance_links.csv
FAM_GEO_JOINT_2019,ENSG00000099953.9,2019 joint GEO analysis,GEO_TRANSCRIPTOMIC_LINEAGE,TASK039B,EXT_31024988_01,EXT_31024988_01,1,1,A_TRANSCRIPTOMIC_EXPRESSION,OBSERVED_SUPPORTIVE,GSE7670|GSE10072|GSE68465|GSE43458,PUB_PMID_31024988,Human tumour transcriptomes,"One published evidence unit jointly derived from GSE7670, GSE10072, GSE68465, and GSE43458; not four published findings.",LINEAGE_GROUP_DEFINED,EXTPROV_28B36E9243C066C503FF
FAM_EXTERNAL_TCGA_REANALYSIS,ENSG00000099953.9,Published TCGA-LUAD reanalysis lineage,EXTERNAL_TCGA_REANALYSIS,TASK039B,EXT_31024988_02|EXT_36756152_01|EXT_36756152_02|EXT_36756152_04|EXT_36756152_06|EXT_36756152_07|EXT_36756152_08,EXT_31024988_02|EXT_36756152_01|EXT_36756152_02|EXT_36756152_04|EXT_36756152_06|EXT_36756152_07|EXT_36756152_08,7,7,A_TRANSCRIPTOMIC_EXPRESSION|C_CLINICAL_ASSOCIATION|E_MECHANISTIC,OBSERVED_SUPPORTIVE|OBSERVED_NULL|CONTEXT_DEPENDENT,TCGA-LUAD,PUB_PMID_31024988|PUB_PMID_36756152,Human tumour transcriptomes|TCGA-LUAD|TCGA-LUAD EGFR-mutant subset|LUAD computational cohort|LUAD computational prediction,Shares TCGA-LUAD biological dataset lineage with Task #039A and is not independent transcriptomic replication.,LINEAGE_GROUP_DEFINED,EXTPROV_8D033A52AFD06C2965EA|EXTPROV_4B319E75536E457DB8AC|EXTPROV_B6C0F101A282E1E4AA31|EXTPROV_46783D3DF81775F8C97C|EXTPROV_4877666FBE5BBCA7BCBE|EXTPROV_44C99956A1565B9798A1|EXTPROV_0398F05D0BFCCE323239
FAM_COHORT_2019_LUAD_18,ENSG00000099953.9,COHORT_2019_LUAD_18 lineage,HUMAN_TISSUE_PROTEIN,TASK039B,EXT_31024988_03,EXT_31024988_03,1,1,B_PROTEIN_TISSUE,OBSERVED_SUPPORTIVE,COHORT_2019_LUAD_18,PUB_PMID_31024988,18 human LUAD biopsies,Observations share the named cohort/dataset; absence of another edge does not prove independence.,LINEAGE_GROUP_DEFINED,EXTPROV_3C2013099C8226B68802
FAM_COHORT_2019_SERUM,ENSG00000099953.9,COHORT_2019_SERUM lineage,HUMAN_SERUM,TASK039B,EXT_31024988_04,EXT_31024988_04,1,1,B_PROTEIN_TISSUE,OBSERVED_SUPPORTIVE,COHORT_2019_SERUM,PUB_PMID_31024988,Human serum,Observations share the named cohort/dataset; absence of another edge does not prove independence.,LINEAGE_GROUP_DEFINED,EXTPROV_BDB97DF88AD94FB8FDA0
FAM_CELL_PERTURBATION_310_A549_PC9,ENSG00000099953.9,2019 LUAD-cell depletion lineage,CELL_FUNCTIONAL_PERTURBATION,TASK039B,EXT_31024988_05|EXT_31024988_06|EXT_31024988_08,EXT_31024988_05|EXT_31024988_06|EXT_31024988_08,3,3,D_FUNCTIONAL_PERTURBATION|E_MECHANISTIC,OBSERVED_SUPPORTIVE|CONTEXT_DEPENDENT,MODEL_A549_CRISPR|MODEL_LUAD_MIGRATION,PUB_PMID_31024988,A549 LUAD cells|A549 and PC9 LUAD cells,"Shares publication, A549/PC9 models, and some experimental lineage with other readouts.",LINEAGE_GROUP_DEFINED,EXTPROV_9A34A8405B23EB0BFCB7|EXTPROV_206FC55B911298859DC0|EXTPROV_F54CBF4A160C71E2C755
FAM_CELL_PERTURBATION_310_PC9_RESCUE,ENSG00000099953.9,2019 PC9 depletion/rescue lineage,CELL_FUNCTIONAL_PERTURBATION,TASK039B,EXT_31024988_07,EXT_31024988_07,1,1,D_FUNCTIONAL_PERTURBATION,OBSERVED_SUPPORTIVE,MODEL_PC9_RESCUE,PUB_PMID_31024988,PC9 LUAD cells,"Rescue is within the same publication and model system, not an external replication.",LINEAGE_GROUP_DEFINED,EXTPROV_28E66B860D8086A4BCD8
FAM_ANTIBODY_INTERVENTION_310,ENSG00000099953.9,2019 anti-MMP11 intervention lineage,ANTIBODY_INTERVENTION,TASK039B,EXT_31024988_09|EXT_31024988_10|EXT_31024988_12,EXT_31024988_09|EXT_31024988_10|EXT_31024988_12,3,3,G_INTERVENTION,OBSERVED_SUPPORTIVE,MODEL_ANTIBODY_IN_VITRO|MODEL_ANTIBODY_MIGRATION|MODEL_A549_XENOGRAFT_AB,PUB_PMID_31024988,A549 and PC9 LUAD cells|A549 xenograft in female BALB/c nude mice,Shares publication and antibody reagent with migration and xenograft experiments.,LINEAGE_GROUP_DEFINED,EXTPROV_73FCD68A38916EF78BDB|EXTPROV_25F7FDAB7774C4F0EA92|EXTPROV_BACD4833DE52522CBD80
FAM_XENOGRAFT_DEPLETION_310,ENSG00000099953.9,2019 genetic-depletion xenograft lineage,XENOGRAFT_DEPLETION,TASK039B,EXT_31024988_11,EXT_31024988_11,1,1,F_IN_VIVO,OBSERVED_SUPPORTIVE,MODEL_A549_XENOGRAFT_KO,PUB_PMID_31024988,A549 xenograft in female BALB/c nude mice,Preclinical A549 immunodeficient-mouse model; not clinical efficacy.,LINEAGE_GROUP_DEFINED,EXTPROV_AFA81EA77EEF535A2EFC
FAM_COHORT_2023_LUAD_37,ENSG00000099953.9,COHORT_2023_LUAD_37 lineage,HUMAN_TISSUE_PROTEIN,TASK039B,EXT_36756152_03|EXT_36756152_05,EXT_36756152_03|EXT_36756152_05,2,2,B_PROTEIN_TISSUE,OBSERVED_SUPPORTIVE|CONTEXT_DEPENDENT,COHORT_2023_LUAD_37,PUB_PMID_36756152,Resected human LUAD,Observations share the named cohort/dataset; absence of another edge does not prove independence.,LINEAGE_GROUP_DEFINED,EXTPROV_988A04C64DD28881E8D3|EXTPROV_44649CCA2EE0A84D3136
FAM_GEO_MULTI_2025,ENSG00000099953.9,2025 mixed-histology GEO reanalysis,GEO_TRANSCRIPTOMIC_LINEAGE,TASK039B,EXT_40386736_01,EXT_40386736_01,1,1,A_TRANSCRIPTOMIC_EXPRESSION,INSUFFICIENTLY_SPECIFIC,GSE33479|GSE18842|GSE32863,PUB_PMID_40386736,Human lung tumour transcriptomes,"One analysis spanning GSE33479, GSE18842, and GSE32863; histology specificity differs by accession.",LINEAGE_GROUP_DEFINED,EXTPROV_467D1AD6E438DC80C650
FAM_COHORT_2025_TISSUE_20,ENSG00000099953.9,COHORT_2025_TISSUE_20 lineage,HUMAN_TISSUE_PROTEIN,TASK039B,EXT_40386736_02,EXT_40386736_02,1,1,B_PROTEIN_TISSUE,OBSERVED_SUPPORTIVE,COHORT_2025_TISSUE_20,PUB_PMID_40386736,Human lung adenocarcinoma tissue,Observations share the named cohort/dataset; absence of another edge does not prove independence.,LINEAGE_GROUP_DEFINED,EXTPROV_5DC457B506D385B135FE
FAM_COHORT_2025_SERUM_400,ENSG00000099953.9,COHORT_2025_SERUM_400 lineage,HUMAN_SERUM,TASK039B,EXT_40386736_03|EXT_40386736_04,EXT_40386736_03|EXT_40386736_04,2,2,B_PROTEIN_TISSUE|C_CLINICAL_ASSOCIATION,INSUFFICIENTLY_SPECIFIC|CONTEXT_DEPENDENT,COHORT_2025_SERUM_400,PUB_PMID_40386736,Human serum,Observations share the named cohort/dataset; absence of another edge does not prove independence.,LINEAGE_GROUP_DEFINED,EXTPROV_89135045C758C483025C|EXTPROV_937C4B1D177F043EC5D5
FAM_SINGLE_CELL_LUAD_2025,ENSG00000099953.9,LUAD single-cell myofibroblast observation,EXTERNAL_TRANSCRIPTOMIC_CONTEXT,TASK039B,EXT_39672019_01,EXT_39672019_01,1,1,A_TRANSCRIPTOMIC_EXPRESSION,CONTEXT_DEPENDENT,LUAD_SC_DATASET_2025,PUB_PMID_39672019,Human LUAD single-cell data,Accession unresolved; marker status is not a causal result.,LINEAGE_GROUP_DEFINED,EXTPROV_60847120901C88D7EE2F
FAM_LUAD_SURVIVAL_2025,ENSG00000099953.9,LUAD_SURVIVAL_2025 lineage,CLINICAL_ASSOCIATION,TASK039B,EXT_39672019_02,EXT_39672019_02,1,1,C_CLINICAL_ASSOCIATION,OBSERVED_NULL,LUAD_SURVIVAL_2025,PUB_PMID_39672019,Human LUAD cohort,Observations share the named cohort/dataset; absence of another edge does not prove independence.,LINEAGE_GROUP_DEFINED,EXTPROV_D4491972FCF278F9A42E
FAM_PANCANCER_SINGLE_CELL_LUAD,ENSG00000099953.9,Pan-cancer single-cell LUAD-resolved observation,EXTERNAL_TRANSCRIPTOMIC_CONTEXT,TASK039B,EXT_40552583_01,EXT_40552583_01,1,1,A_TRANSCRIPTOMIC_EXPRESSION,CONTEXT_DEPENDENT,LUAD_PANCANCER_SC_2025,PUB_PMID_40552583,Human pan-cancer single-cell datasets with LUAD-resolved analysis,Primary paper context is bladder cancer; LUAD observation is contextual.,LINEAGE_GROUP_DEFINED,EXTPROV_37A6C200B6B7B8523B01
FAM_GEO_GSE19804,ENSG00000099953.9,GSE19804 paired lung-tissue lineage,GEO_TRANSCRIPTOMIC_LINEAGE,TASK039B,EXT_34671675_01,EXT_34671675_01,1,1,A_TRANSCRIPTOMIC_EXPRESSION,INSUFFICIENTLY_SPECIFIC,GSE19804,PUB_PMID_34671675,Nonsmoking female lung tumours,"Potentially distinct dataset lineage, but LUAD histology is incompletely resolved.",LINEAGE_GROUP_DEFINED,EXTPROV_EC8968109DCA2E1080B8
FAM_KM_PLOTTER_2021,ENSG00000099953.9,KM_PLOTTER_2021 lineage,CLINICAL_ASSOCIATION,TASK039B,EXT_34671675_02,EXT_34671675_02,1,1,C_CLINICAL_ASSOCIATION,INSUFFICIENTLY_SPECIFIC,KM_PLOTTER_2021,PUB_PMID_34671675,Lung-cancer survival cohort,Observations share the named cohort/dataset; absence of another edge does not prove independence.,LINEAGE_GROUP_DEFINED,EXTPROV_B832AAE52C50C811B63F
FAM_COHORT_2022_LUAD_4,ENSG00000099953.9,COHORT_2022_LUAD_4 lineage,MECHANISTIC,TASK039B,EXT_35422093_01,EXT_35422093_01,1,1,E_MECHANISTIC,CONTEXT_DEPENDENT,COHORT_2022_LUAD_4,PUB_PMID_35422093,Four primary LUAD samples,Observations share the named cohort/dataset; absence of another edge does not prove independence.,LINEAGE_GROUP_DEFINED,EXTPROV_6614CCD380BB2F8DB10D
FAM_MODEL_MIR25_A549_CALU1,ENSG00000099953.9,MODEL_MIR25_A549_CALU1 model lineage,MECHANISTIC,TASK039B,EXT_29568911_01,EXT_29568911_01,1,1,E_MECHANISTIC,CONTEXT_DEPENDENT,MODEL_MIR25_A549_CALU1,PUB_PMID_29568911,A549 and Calu-1 cells,Model-system observations are bounded to the source experiment and publication.,LINEAGE_GROUP_DEFINED,EXTPROV_2EECB8E24EB92EBDDC37
FAM_COHORT_2018_ONE_PATIENT,ENSG00000099953.9,COHORT_2018_ONE_PATIENT lineage,HUMAN_TISSUE_PROTEIN,TASK039B,EXT_29796998_01,EXT_29796998_01,1,1,B_PROTEIN_TISSUE,CONTEXT_DEPENDENT,COHORT_2018_ONE_PATIENT,PUB_PMID_29796998,MSCs from one LUAD patient plus A549 co-culture,Observations share the named cohort/dataset; absence of another edge does not prove independence.,LINEAGE_GROUP_DEFINED,EXTPROV_FCB99B23AE7F8D703DD9
FAM_COHORT_2019_GENOTYPE_1074,ENSG00000099953.9,COHORT_2019_GENOTYPE_1074 lineage,CLINICAL_ASSOCIATION,TASK039B,EXT_31570432_01,EXT_31570432_01,1,1,C_CLINICAL_ASSOCIATION,OBSERVED_NULL,COHORT_2019_GENOTYPE_1074,PUB_PMID_31570432,Taiwanese lung-cancer cases and controls,Observations share the named cohort/dataset; absence of another edge does not prove independence.,LINEAGE_GROUP_DEFINED,EXTPROV_99823F06E498D1C00B20
FAM_COHORT_SPOCK1_NSCLC,ENSG00000099953.9,COHORT_SPOCK1_NSCLC lineage,MECHANISTIC,TASK039B,EXT_30825234_01,EXT_30825234_01,1,1,E_MECHANISTIC,CONTEXT_DEPENDENT,COHORT_SPOCK1_NSCLC,PUB_PMID_30825234,Human NSCLC tissue,Observations share the named cohort/dataset; absence of another edge does not prove independence.,LINEAGE_GROUP_DEFINED,EXTPROV_63154F31FD1AAC1800D2
FAM_MODEL_LINC00511_UNRESOLVED,ENSG00000099953.9,MODEL_LINC00511_UNRESOLVED model lineage,CELL_FUNCTIONAL_PERTURBATION,TASK039B,EXT_37602450_01,EXT_37602450_01,1,1,D_FUNCTIONAL_PERTURBATION,INSUFFICIENTLY_SPECIFIC,MODEL_LINC00511_UNRESOLVED,PUB_PMID_37602450,Lung-cancer cells,Model-system observations are bounded to the source experiment and publication.,LINEAGE_GROUP_DEFINED,EXTPROV_D80B182E8F1AD48B16B0
FAM_MODEL_ALK_ALECTINIB,ENSG00000099953.9,MODEL_ALK_ALECTINIB model lineage,MECHANISTIC,TASK039B,EXT_39904499_01,EXT_39904499_01,1,1,E_MECHANISTIC,CONTEXT_DEPENDENT,MODEL_ALK_ALECTINIB,PUB_PMID_39904499,ALK-rearranged NSCLC/host stromal models,Model-system observations are bounded to the source experiment and publication.,LINEAGE_GROUP_DEFINED,EXTPROV_A34F5D9A411EA5CB5A54
FAM_GEO_COPD_NSCLC_REUSE,ENSG00000099953.9,COPD/NSCLC GEO derived reanalysis,GEO_TRANSCRIPTOMIC_LINEAGE,TASK039B,EXT_40826767_01,EXT_40826767_01,1,1,A_TRANSCRIPTOMIC_EXPRESSION,CONTEXT_DEPENDENT,GSE76925|GSE18842|GSE10072,PUB_PMID_40826767,Human GEO transcriptomes,Reuses GSE10072 and GSE18842 from other published analyses.,LINEAGE_GROUP_DEFINED,EXTPROV_27B476AF479E0F29503A
FAM_MODEL_CIRSIMARIN_A549,ENSG00000099953.9,MODEL_CIRSIMARIN_A549 model lineage,MECHANISTIC,TASK039B,EXT_41804162_01,EXT_41804162_01,1,1,E_MECHANISTIC,CONTEXT_DEPENDENT,MODEL_CIRSIMARIN_A549,PUB_PMID_41804162,A549 LUAD cells in 2D culture,Model-system observations are bounded to the source experiment and publication.,LINEAGE_GROUP_DEFINED,EXTPROV_E45CA41B927AEBE53C95
FAM_COHORT_NINTEDANIB_NON_TUMOUR,ENSG00000099953.9,COHORT_NINTEDANIB_NON_TUMOUR lineage,MECHANISTIC,TASK039B,EXT_41654000_01,EXT_41654000_01,1,1,E_MECHANISTIC,INSUFFICIENTLY_SPECIFIC,COHORT_NINTEDANIB_NON_TUMOUR,PUB_PMID_41654000,Non-tumour lung from NSCLC patients with interstitial pneumonia,Observations share the named cohort/dataset; absence of another edge does not prove independence.,LINEAGE_GROUP_DEFINED,EXTPROV_2E2FEDBAFFD6929F89AF
FAM_COHORT_2000_NSCLC_119,ENSG00000099953.9,COHORT_2000_NSCLC_119 lineage,EXTERNAL_TRANSCRIPTOMIC_CONTEXT,TASK039B,EXT_10741738_01|EXT_10741738_02,EXT_10741738_01|EXT_10741738_02,2,2,A_TRANSCRIPTOMIC_EXPRESSION|C_CLINICAL_ASSOCIATION,INSUFFICIENTLY_SPECIFIC,COHORT_2000_NSCLC_119,PUB_PMID_10741738,Human NSCLC tissue,Observations share the named cohort/dataset; absence of another edge does not prove independence.,LINEAGE_GROUP_DEFINED,EXTPROV_7EDBA067DAC5BF37E2AA|EXTPROV_B11EA53D0579D7D58114
FAM_COHORT_1997_LUNG_89,ENSG00000099953.9,COHORT_1997_LUNG_89 lineage,HUMAN_TISSUE_PROTEIN,TASK039B,EXT_9137088_01|EXT_9137088_02,EXT_9137088_01|EXT_9137088_02,2,2,B_PROTEIN_TISSUE|C_CLINICAL_ASSOCIATION,INSUFFICIENTLY_SPECIFIC,COHORT_1997_LUNG_89,PUB_PMID_9137088,89 human lung carcinomas|Non-NE NSCLC,Observations share the named cohort/dataset; absence of another edge does not prove independence.,LINEAGE_GROUP_DEFINED,EXTPROV_5E1C400F9AC1AAE19479|EXTPROV_B85602F3A060442EFC72
FAM_COHORT_1995_NSCLC,ENSG00000099953.9,COHORT_1995_NSCLC lineage,EXTERNAL_TRANSCRIPTOMIC_CONTEXT,TASK039B,EXT_7664289_01|EXT_7664289_02,EXT_7664289_01|EXT_7664289_02,2,2,A_TRANSCRIPTOMIC_EXPRESSION|B_PROTEIN_TISSUE,INSUFFICIENTLY_SPECIFIC,COHORT_1995_NSCLC,PUB_PMID_7664289,Stage I-III NSCLC tissue|Human NSCLC tissue,Observations share the named cohort/dataset; absence of another edge does not prove independence.,LINEAGE_GROUP_DEFINED,EXTPROV_224CA6655B6A1C806295|EXTPROV_EC9CD859BFAB59A42678
FAM_COHORT_2007_NSCLC_80,ENSG00000099953.9,COHORT_2007_NSCLC_80 lineage,CLINICAL_ASSOCIATION,TASK039B,EXT_17310584_01,EXT_17310584_01,1,1,C_CLINICAL_ASSOCIATION,OBSERVED_NULL,COHORT_2007_NSCLC_80,PUB_PMID_17310584,80 resected stage-I NSCLC cases,Observations share the named cohort/dataset; absence of another edge does not prove independence.,LINEAGE_GROUP_DEFINED,EXTPROV_0048C28D47B777F51BC6
FAM_COHORT_2004_STAGEIB_20,ENSG00000099953.9,COHORT_2004_STAGEIB_20 lineage,CLINICAL_ASSOCIATION,TASK039B,EXT_14647437_01,EXT_14647437_01,1,1,C_CLINICAL_ASSOCIATION,OBSERVED_NULL,COHORT_2004_STAGEIB_20,PUB_PMID_14647437,20 stage-IB lung cancers,Observations share the named cohort/dataset; absence of another edge does not prove independence.,LINEAGE_GROUP_DEFINED,EXTPROV_4A81B19FB319A5A561A3
FAM_COHORT_2004_ADC_SCC_26,ENSG00000099953.9,COHORT_2004_ADC_SCC_26 lineage,EXTERNAL_TRANSCRIPTOMIC_CONTEXT,TASK039B,EXT_15036884_01,EXT_15036884_01,1,1,A_TRANSCRIPTOMIC_EXPRESSION,OBSERVED_SUPPORTIVE,COHORT_2004_ADC_SCC_26,PUB_PMID_15036884,Human adenocarcinoma and squamous tissue,Observations share the named cohort/dataset; absence of another edge does not prove independence.,LINEAGE_GROUP_DEFINED,EXTPROV_D9A1E28EFCE2E658C397
FAM_COHORT_2008_NSCLC_64,ENSG00000099953.9,COHORT_2008_NSCLC_64 lineage,CLINICAL_ASSOCIATION,TASK039B,EXT_18793406_01,EXT_18793406_01,1,1,C_CLINICAL_ASSOCIATION,INSUFFICIENTLY_SPECIFIC,COHORT_2008_NSCLC_64,PUB_PMID_18793406,Stage I/II NSCLC,Observations share the named cohort/dataset; absence of another edge does not prove independence.,LINEAGE_GROUP_DEFINED,EXTPROV_3CDED3E2DA6D39F641B7
FAM_MODEL_1998_COCULTURE,ENSG00000099953.9,MODEL_1998_COCULTURE model lineage,MECHANISTIC,TASK039B,EXT_9417124_01,EXT_9417124_01,1,1,E_MECHANISTIC,CONTEXT_DEPENDENT,MODEL_1998_COCULTURE,PUB_PMID_9417124,NSCLC–normal pulmonary fibroblast co-culture,Model-system observations are bounded to the source experiment and publication.,LINEAGE_GROUP_DEFINED,EXTPROV_7F118DA04E3B57EC42BD
FAM_MODEL_2005_COCULTURE,ENSG00000099953.9,MODEL_2005_COCULTURE model lineage,MECHANISTIC,TASK039B,EXT_15509588_01,EXT_15509588_01,1,1,E_MECHANISTIC,CONTEXT_DEPENDENT,MODEL_2005_COCULTURE,PUB_PMID_15509588,NSCLC–pulmonary fibroblast co-culture,Model-system observations are bounded to the source experiment and publication.,LINEAGE_GROUP_DEFINED,EXTPROV_3D2A26F788D690159A55
FAM_MODEL_BTRCP_LUNG,ENSG00000099953.9,MODEL_BTRCP_LUNG model lineage,MECHANISTIC,TASK039B,EXT_15536641_01,EXT_15536641_01,1,1,E_MECHANISTIC,CONTEXT_DEPENDENT,MODEL_BTRCP_LUNG,PUB_PMID_15536641,Lung-cancer cell lines,Model-system observations are bounded to the source experiment and publication.,LINEAGE_GROUP_DEFINED,EXTPROV_DCD52833D4491BD10688
FAM_DATASET_2010_UNRESOLVED,ENSG00000099953.9,DATASET_2010_UNRESOLVED lineage,MECHANISTIC,TASK039B,EXT_19949890_01,EXT_19949890_01,1,1,E_MECHANISTIC,CONTEXT_DEPENDENT,DATASET_2010_UNRESOLVED,PUB_PMID_19949890,LUAD vs adjacent-normal expression,Observations share the named cohort/dataset; absence of another edge does not prove independence.,LINEAGE_GROUP_DEFINED,EXTPROV_532C7B93787F0841CBE8
FAM_GEO_GSE43458_PRIMARY,ENSG00000099953.9,GSE43458 primary publication lineage,GEO_TRANSCRIPTOMIC_LINEAGE,TASK039B,EXT_23659968_01,EXT_23659968_01,1,1,A_TRANSCRIPTOMIC_EXPRESSION,OBSERVED_SUPPORTIVE,GSE43458,PUB_PMID_23659968,Human LUAD/normal tissue,Shares GSE43458 with the 2019 joint GEO analysis and Task #039A Expression Atlas lineage.,LINEAGE_GROUP_DEFINED,EXTPROV_B828C75855B6DC2E919E
FAM_ARRAY_E_MEXP_231,ENSG00000099953.9,E-MEXP-231 array lineage,GEO_TRANSCRIPTOMIC_LINEAGE,TASK039B,EXT_15653641_01,EXT_15653641_01,1,1,A_TRANSCRIPTOMIC_EXPRESSION,OBSERVED_SUPPORTIVE,E-MEXP-231,PUB_PMID_15653641,Human LUAD/normal tissue,Shares source-dataset lineage with Task #039A Expression Atlas evidence.,LINEAGE_GROUP_DEFINED,EXTPROV_21F604E214119170F723
FAM_GEO_GSE43767,ENSG00000099953.9,GSE43767 developmental/LUAD lineage,GEO_TRANSCRIPTOMIC_LINEAGE,TASK039B,EXT_25141350_01,EXT_25141350_01,1,1,A_TRANSCRIPTOMIC_EXPRESSION,CONTEXT_DEPENDENT,GSE43767,PUB_PMID_25141350,Human lung/LUAD developmental context,Shares source-dataset lineage with Task #039A and mixes developmental and tumour contexts.,LINEAGE_GROUP_DEFINED,EXTPROV_C2BC8F72C882F9B22B77
FAM_CLINICAL_DEVELOPMENT_CHECK,ENSG00000099953.9,Bounded frozen ClinicalTrials.gov lexical check,CLINICAL_DEVELOPMENT_CHECK,TASK039B,SEARCH_CLINICALTRIALS_MMP11,SEARCH_CLINICALTRIALS_MMP11,0,1,H_CLINICAL_DEVELOPMENT,NO_RELEVANT_RECORD_IDENTIFIED_IN_BOUNDED_SEARCH,NOT_APPLICABLE,NOT_APPLICABLE,NOT_APPLICABLE,Five lexical hits were excluded as unrelated; bounded search absence is not proof that no study exists globally.,SEARCH_LINEAGE_GROUP_DEFINED,outputs/mmp11_external_evidence_v0.1/search_strategy.json|outputs/mmp11_external_evidence_v0.1/evidence_exclusion_log.csv
